codice_scuola,codice_istituto,gestione,denominazione,grado,indirizzo,cap,codice_comune,comune,lon,lat,fonte,codice_edificio,id_bene,osm_id,alunni,stranieri,stranieri_ue,stranieri_nonue,pct_stranieri,percorso_prevalente,quota_percorso,flag
RMSD06001L,RMSD06000G,statale,PERCORSO II LIV SEZ CARC ROMA 2,ISTITUTO D'ARTE,C.C.F.REBIBBIA,00159,H501,Roma,,,nessuna,,,,1,0,0,0,0,LICEO,1,pochi_alunni
RMRH04001P,RMRH04000N,statale,VESPUCCI - SEZ. CARC.,IST PROF PER I SERVIZI ALBERGHIERI E RISTORAZIONE,Non Disponibile,Non Disponibile,H501,Roma,,,nessuna,,,,67,7,1,6,10.4,PROFESSIONALE,1,
RMRI03401V,RMIS034007,statale,EUROPA,IST PROF INDUSTRIA E ARTIGIANATO,VIA ROMOLO TRINCHERI 49,00172,H501,Roma,,,nessuna,,,,346,89,27,62,25.7,PROFESSIONALE,1,
RMRH06102R,RMIS06100G,statale,PERCORSO II LIV SEZ CARC DOMIZIA LUCILLA,IST PROF PER I SERVIZI ALBERGHIERI E RISTORAZIONE,SEZIONE CARCERARIA IS. PENALE CASAL DEL MARMO,Non Disponibile,H501,Roma,,,nessuna,,,,11,4,1,3,36.4,PROFESSIONALE,1,pochi_alunni
RMTD11102P,RMIS11100B,statale,POLICLINICO GEMELLI-SEZIONE OSPEDALIERA,ISTITUTO TECNICO COMMERCIALE,Non Disponibile,00168,H501,Roma,,,nessuna,,,,,,,,,,,
RMAA83702C,RMIC83700E,statale,ANTONI GAUDI',SCUOLA INFANZIA,VIA E. FLORIAN,00173,H501,Roma,,,nessuna,,,,,,,,,,,
RMMM8FZ013,RMIC8FZ002,statale,I. C. PIAZZA FORLANINI,SCUOLA PRIMO GRADO,VIA DI VAL TELLINA 50,00151,H501,Roma,,,nessuna,,,,336,49,4,45,14.6,,,
RMEE8GR04T,RMIC8GR00L,statale,SC. PRIMARIA SELVA CANDIDA,SCUOLA PRIMARIA,VIA SS. AUDIFACE E ABACUS SNC,00135,H501,Roma,,,nessuna,,,,290,15,7,8,5.2,,,
RMEE8BK028,RMIC8BK005,statale,UNIVERSITA' CLINICA ORTOPEDICA,SCUOLA PRIMARIA,P.LE SCIENZE,00185,H501,Roma,,,nessuna,,,,,,,,,,,
RMRC02201X,RMIS022001,statale,PERCORSO II LIV. SEZ CARC J. VON NEUMANN,IST PROF PER I SERVIZI COMMERCIALI E TURISTICI,C.C. REBIBBIA,00156,H501,Roma,,,nessuna,,,,11,1,0,1,9.1,PROFESSIONALE,1,pochi_alunni
RMTA06002L,RMTA06000E,statale,"PERCORSO II LIV SEZ CARC ""SERENI""",ISTITUTO TECNICO AGRARIO,REBIBBIA,00156,H501,Roma,,,nessuna,,,,14,0,0,0,0,TECNICO,1,pochi_alunni
RMAA8FX028,RMIC8FX00A,statale,VIA GIOVANNI PONTI,SCUOLA INFANZIA,VIA GIOVANNI PONTI S.N.C.,00163,H501,Roma,,,nessuna,,,,,,,,,,,
RMPC27001B,RMPC27000A,statale,SEZIONE OSPEDALIERA,LICEO CLASSICO,Non Disponibile,Non Disponibile,H501,Roma,,,nessuna,,,,,,,,,,,
RMTF02201D,RMIS022001,statale,PERCORSO II LIV. SEZ CARC J. VON NEUMANN,ISTITUTO TECNICO INDUSTRIALE,C.C. REBIBBIA,00156,H501,Roma,,,nessuna,,,,241,61,14,47,25.3,TECNICO,1,
RMEE806011,RMIC80600V,statale,OSPEDALE BAMBIN GESU',SCUOLA PRIMARIA,VIA S. ONOFRIO,00165,H501,Roma,,,nessuna,,,,,,,,,,,
RMEE8FL026,RMIC8FL003,statale,SEGURANA,SCUOLA PRIMARIA,VIA CATERINA SEGURANA 2-3,00122,H501,Roma,,,nessuna,,,,297,27,11,16,9.1,,,
RMAA841035,RMIC841006,statale,FRA' ANDREA DI GIOVANNI,SCUOLA INFANZIA,VIA FRA' ANDREA DI GIOVANNI,00126,H501,Roma,,,nessuna,,,,,,,,,,,
RMEE8BK039,RMIC8BK005,statale,UNIVERSITA' CLINICA PEDIATRICA,SCUOLA PRIMARIA,V.LE UNIVERSITA' POLICLI.,00185,H501,Roma,,,nessuna,,,,,,,,,,,
RMAA841046,RMIC841006,statale,VIA DELLA MAGGIORANA,SCUOLA INFANZIA,VIA DELLA MAGGIORANA,00126,H501,Roma,,,nessuna,,,,,,,,,,,
RMAA8E702N,RMIC8E700Q,statale,S. RITA,SCUOLA INFANZIA,VIALE S. RITA DA CASCIA,00133,H501,Roma,,,nessuna,,,,,,,,,,,
RMTD022017,RMIS022001,statale,PERCORSO II LIV. SEZ CARC J. VON NEUMANN,ISTITUTO TECNICO COMMERCIALE,C.C. REBIBBIA,00156,H501,Roma,,,nessuna,,,,241,62,8,54,25.7,TECNICO,1,
RMAA83401X,RMIC834003,statale,VIA ORIOLI,SCUOLA INFANZIA,VIA ORIOLI SNC,00059,H501,Roma,,,nessuna,,,,,,,,,,,
RMAA8AG016,RMIC8AG009,statale,VIA GIUSTINIANA,SCUOLA INFANZIA,VIA GIUSTINIANA,00188,H501,Roma,,,nessuna,,,,,,,,,,,
RMEE82005B,RMIC820005,statale,MIGLIACCIO ANTONELLO MAURO,SCUOLA PRIMARIA,VIA ELENA BRANDIZZI GIANNI 68,00156,H501,Roma,,,nessuna,,,,83,14,4,10,16.9,,,
RM1A0Z5007,,paritaria,LA MIMOSA BIRICHINA 2,SCUOLA INFANZIA NON STATALE,VIA GIUSTO BELLAVITIS SNC,00134,H501,Roma,,,nessuna,,,,,,,,,,,
RMPMI75006,,paritaria,LICEO DEL MADE IN ITALY- Poliziano,SCUOLA SEC. SECONDO GRADO NON STATALE,VIA DELLA TRAVICELLA 55/61,00179,H501,Roma,,,nessuna,,,,,,,,,,,
RM1AEQ5004,,paritaria,LA PIMPA,SCUOLA INFANZIA NON STATALE,VIA L. GUGLIEMI 91,00127,H501,Roma,,,nessuna,,,,,,,,,,,
RMPM00500N,,paritaria,COMUNITA' EBRAICA ROMA RENZO LEVI- LICEO SCIENZE SOCIALI,SCUOLA SEC. SECONDO GRADO NON STATALE,DA INSERIRE,00186,H501,Roma,,,nessuna,,,,69,1,1,0,1.4,LICEO,1,
RM1A0R5006,,paritaria,SCUOLA INFANZIA COSI' PER GIOCO,SCUOLA INFANZIA NON STATALE,V. MACCHIA DI SAPONARA 247/249,00124,H501,Roma,,,nessuna,,,,,,,,,,,
RM1A07500Q,,paritaria,SCUOLA MATERNA S. CATERINA DA SIENA,SCUOLA INFANZIA NON STATALE,VIA GELASIO II 6,00167,H501,Roma,,,nessuna,,,,,,,,,,,
RM1A325009,,paritaria,SCUOLA MATERNA S. GIUSEPPE DEL CABURLOTTO,SCUOLA INFANZIA NON STATALE,VIA RABELLO 15,00178,H501,Roma,,,nessuna,,,,,,,,,,,
RM1A3Q500E,,paritaria,IL FANTABOSCO,SCUOLA INFANZIA NON STATALE,Via Alessandrini snc,00128,H501,Roma,,,nessuna,,,,,,,,,,,
RM1A51300R,,paritaria,VIA VAGLIA,SCUOLA INFANZIA NON STATALE,VIA CINIGGIANO 50,00100,H501,Roma,,,nessuna,,,,,,,,,,,
RM1A34000B,,paritaria,SCUOLA MATERNA C.E.F.A. PETRANOVA,SCUOLA INFANZIA NON STATALE,VIA PAVIA,00161,H501,Roma,,,nessuna,,,,,,,,,,,
RM1A673009,,paritaria,IL PICCOLO MANDARINO,SCUOLA INFANZIA NON STATALE,VIA DE GRENET,00143,H501,Roma,,,nessuna,,,,,,,,,,,
RMPSII500C,,paritaria,G. D'ANNUNZIO,SCUOLA SEC. SECONDO GRADO NON STATALE,Via O. Panvinio 11/13,00162,H501,Roma,,,nessuna,,,,35,3,0,3,8.6,LICEO,1,
RM1A62100L,,paritaria,IL CUCCIOLO EX INFERNETTO,SCUOLA INFANZIA NON STATALE,VIA TORCEGNO 19/21,00124,H501,Roma,,,nessuna,,,,,,,,,,,
RMPSI6500C,,paritaria,LICEO SCIENTIFICO SPORTIVO,SCUOLA SEC. SECONDO GRADO NON STATALE,C.SO DUCA DI GENOVA 157/159,00121,H501,Roma,,,nessuna,,,,252,12,4,8,4.8,LICEO,1,
RM1M04100Q,,paritaria,SCUOLA MEDIA S. CHIARA,SCUOLA SEC. PRIMO GRADO NON STATALE,VIA C. TROIANI 90,00144,H501,Roma,,,nessuna,,,,55,2,1,1,3.6,,,
RMPC44500B,,paritaria,LICEO CLASSICO S. GIOVANNI BATTISTA,SCUOLA SEC. SECONDO GRADO NON STATALE,V.CASALE S.PIO V 11,00165,H501,Roma,,,nessuna,,,,99,2,0,2,2,LICEO,1,
RM1A41600B,,paritaria,2 OTTOBRE 1870,SCUOLA INFANZIA NON STATALE,VIA SANTA MARIA ALLEFORNACI 3,00165,H501,Roma,,,nessuna,,,,,,,,,,,
RM1A227004,,paritaria,PRATOLUNGO,SCUOLA INFANZIA NON STATALE,VIA E.B. GIANNI/VIA G.ROSACCIO,00156,H501,Roma,,,nessuna,,,,,,,,,,,
RM1A75500L,,paritaria,IMPARARE GIOCANDO,SCUOLA INFANZIA NON STATALE,VIA A. GREGORETTI 86/88,00122,H501,Roma,,,nessuna,,,,,,,,,,,
RMPLOA500A,,paritaria,LICEO LINGUISTICO POLIZIANO,SCUOLA SEC. SECONDO GRADO NON STATALE,VIA DELLA TRAVICELLA 55/61,00179,H501,Roma,,,nessuna,,,,18,1,1,0,5.6,LICEO,1,pochi_alunni
RMTD77500R,,paritaria,ISTITUTO TECNICO COMMERCIALE AMMINISTRAZIONE FINANZA E MARKETING,SCUOLA SEC. SECONDO GRADO NON STATALE,VIA E. NATHAN 41/43,00146,H501,Roma,,,nessuna,,,,31,0,0,0,0,TECNICO,1,
RM1M074003,,paritaria,SCUOLA MEDIA S. GIOVANNI BATTISTA,SCUOLA SEC. PRIMO GRADO NON STATALE,VIA CASALE S. PIO V 11,00165,H501,Roma,,,nessuna,,,,197,3,0,3,1.5,,,
RM1E00300Q,,paritaria,SCUOLA ELEM.PARIT. S.GIOVANNI BATTISTA,SCUOLA PRIMARIA NON STATALE,VIA DEL CASALE S.PIO V 11-13,00165,H501,Roma,,,nessuna,,,,228,7,3,4,3.1,,,
RMPL00500B,,paritaria,LICEO LINGUISTICO F. HEGEL,SCUOLA SEC. SECONDO GRADO NON STATALE,VIA AURELIO BACCIARINI,00167,H501,Roma,,,nessuna,,,,45,6,2,4,13.3,LICEO,1,
RM1A610006,,paritaria,GIOVANNI XXIII - COMUNALE,SCUOLA INFANZIA NON STATALE,VLE PARTENOPE 55/69,00177,H501,Roma,,,nessuna,,,,,,,,,,,
RM1A679008,,paritaria,SCUOLA MATERNA SORRISO DEGLI ANGELI,SCUOLA INFANZIA NON STATALE,VIA S.COGNETTI DE MARTIS 33,00166,H501,Roma,,,nessuna,,,,,,,,,,,
RM1E03800P,,paritaria,"SCUOLA ELEM.PARIT. SACRA FAMIGLIA ""G.SALVADORI""",SCUOLA PRIMARIA NON STATALE,VIA DEI CARRARESI 1/3,00164,H501,Roma,,,nessuna,,,,22,15,2,13,68.2,,,
RM1M05000E,,paritaria,SCUOLA MEDIA MATER CARMELI,SCUOLA SEC. PRIMO GRADO NON STATALE,V.A.BENNICELLI 69/71,00151,H501,Roma,,,nessuna,,,,79,1,0,1,1.3,,,
RM1A073004,,paritaria,SCUOLA MATERNA S. ANTONIO,SCUOLA INFANZIA NON STATALE,VIA DELLA BALDUINA 292/296,00136,H501,Roma,,,nessuna,,,,,,,,,,,
RM1A37200V,,paritaria,CASTEL DI GUIDO,SCUOLA INFANZIA NON STATALE,VIA G. SODINO 24,00100,H501,Roma,,,nessuna,,,,,,,,,,,
RM1A67100N,,paritaria,IL PINETO EX ACQUA ROSSA,SCUOLA INFANZIA NON STATALE,LARGO MARIANNE,00121,H501,Roma,,,nessuna,,,,,,,,,,,
RM1A23900A,,paritaria,TEODORO MOMMSEN,SCUOLA INFANZIA NON STATALE,VIA BARTOLONI,00179,H501,Roma,,,nessuna,,,,,,,,,,,
RM1A24600D,,paritaria,CENTRONI - COMUNALE,SCUOLA INFANZIA NON STATALE,VIA FOSSO SANT'ANDREA,00040,H501,Roma,,,nessuna,,,,,,,,,,,
RMTD43500Q,,paritaria,I.T.A.F.M. POLIZIANO,SCUOLA SEC. SECONDO GRADO NON STATALE,VIA DELLA TRAVICELLA 55/61,00179,H501,Roma,,,nessuna,,,,22,0,0,0,0,TECNICO,1,
RM1ALM5000,,paritaria,LA FIABA NEL BOSCO,SCUOLA INFANZIA NON STATALE,Via di Vallerano 162-164,00128,H501,Roma,,,nessuna,,,,,,,,,,,
RM1A26500V,,paritaria,INFANZIA PARIT. SANTA PAOLA E. CERIOLI,SCUOLA INFANZIA NON STATALE,VIA CASILINA 631/633,00177,H501,Roma,,,nessuna,,,,,,,,,,,
RM1A64800L,,paritaria,RENZO DA CERI,SCUOLA INFANZIA NON STATALE,VIA G DEGLI UBERTINI,00176,H501,Roma,,,nessuna,,,,,,,,,,,
RM1A418003,,paritaria,IL POGGIO EX POGGIO DI ACILIA,SCUOLA INFANZIA NON STATALE,VIA POGGIO DI ACILIA,00126,H501,Roma,,,nessuna,,,,,,,,,,,
RM1A008001,,paritaria,SCUOLA MATERNA S. BENEDETTO,SCUOLA INFANZIA NON STATALE,VIA TOR DE' SCHIAVI 112/116,00172,H501,Roma,,,nessuna,,,,,,,,,,,
RMPSIZ500B,,paritaria,S. Giovanni Battista Liceo scient. indi. sportivo,SCUOLA SEC. SECONDO GRADO NON STATALE,V. del Casale di S. Pio V 11/13,00165,H501,Roma,,,nessuna,,,,93,2,0,2,2.2,LICEO,1,
RM1A51900Q,,paritaria,VILLAGGIO INA CASA,SCUOLA INFANZIA NON STATALE,VIA RIVISONDOLI 39/41,00156,H501,Roma,,,nessuna,,,,,,,,,,,
RM1A50500T,,paritaria,CISBERTO VECCHI,SCUOLA INFANZIA NON STATALE,VIA CISBERTO VECCHI,00100,H501,Roma,,,nessuna,,,,,,,,,,,
RM1A701008,,paritaria,LA GABBIANELLA,SCUOLA INFANZIA NON STATALE,VIA MARINO FASAN 80,00121,H501,Roma,,,nessuna,,,,,,,,,,,
RM1E001004,,paritaria,PRIMARIA PARIT. SANTA PAOLA E. CERIOLI,SCUOLA PRIMARIA NON STATALE,VIA CASILINA 631/633,00177,H501,Roma,,,nessuna,,,,137,14,2,12,10.2,,,
RM1A66300P,,paritaria,LA COLLINA DEGLI ULIVI,SCUOLA INFANZIA NON STATALE,VIA DELLA STAZIONE DI COLLE MATTIA S.N.C.,00132,H501,Roma,,,nessuna,,,,,,,,,,,
RM1A51800X,,paritaria,ALBERTO SORDI EX VILLADOSSOLA,SCUOLA INFANZIA NON STATALE,VIA DI VILLADOSSOLA,00100,H501,Roma,,,nessuna,,,,,,,,,,,
RM1EQM5004,,paritaria,COSI' PER GIOCO,SCUOLA PRIMARIA NON STATALE,V. di Macchia Saponara n.247,00124,H501,Roma,,,nessuna,,,,114,2,1,1,1.8,,,
RM1A023003,,paritaria,SCUOLA MATERNA SUORE OBLATE SACRA FAMIGLIA,SCUOLA INFANZIA NON STATALE,VIA DEI CARRARESI 1/3,00164,H501,Roma,,,nessuna,,,,,,,,,,,
RM1A504002,,paritaria,VAL DI LANZO,SCUOLA INFANZIA NON STATALE,VIA VAL DI LANZO- VIA VALLE SCRIVIA,00100,H501,Roma,,,nessuna,,,,,,,,,,,
RM1MQH500U,,paritaria,SECONDARIA DI I GRADO PARIT. SANTA PAOLA E. CERIOLI,SCUOLA SEC. PRIMO GRADO NON STATALE,VIA CASILINA 631/633,00177,H501,Roma,,,nessuna,,,,67,8,0,8,11.9,,,
RM1ALT5005,,paritaria,GOGHLIGO,SCUOLA INFANZIA NON STATALE,Via Herbert Spencer 76/80,00177,H501,Roma,,,nessuna,,,,,,,,,,,
RM1A16300A,,paritaria,SCUOLA MATERNA ANCILLA DOMINI,SCUOLA INFANZIA NON STATALE,VIA CASSIA ANTICA 434,00189,H501,Roma,,,nessuna,,,,,,,,,,,
RM1A11100N,,paritaria,SCUOLA MATERNA S. GIOVANNI BATTISTA,SCUOLA INFANZIA NON STATALE,VIA CASALE SAN PIO V 11/13,00165,H501,Roma,,,nessuna,,,,,,,,,,,
RM1A43500R,,paritaria,MARCHISIO,SCUOLA INFANZIA NON STATALE,VIA MARCHISIO,00100,H501,Roma,,,nessuna,,,,,,,,,,,
RM1E00800V,,paritaria,SCUOLA ELEM.PARIT. S.BENEDETTO,SCUOLA PRIMARIA NON STATALE,VIA TOR DE' SCHIAVI 112/116,00172,H501,Roma,,,nessuna,,,,87,2,1,1,2.3,,,
RM1E086004,,paritaria,SCUOLA ELEM.PARIF. SANTA CATERINA DA SIENA,SCUOLA PRIMARIA NON STATALE,PLE NUMA POMPILIO 45,00184,H501,Roma,,,nessuna,,,,39,22,1,21,56.4,,,
RM1A17400R,,paritaria,SCUOLA MATERNA INTERNAZ.MONTESSORI NERINA NOE',SCUOLA INFANZIA NON STATALE,VIA VIGGIANO 78/80,00178,H501,Roma,,,nessuna,,,,,,,,,,,
RM1AGD500V,,paritaria,LATTE E BISCOTTI,SCUOLA INFANZIA NON STATALE,V. ORICOLA 57,00132,H501,Roma,,,nessuna,,,,,,,,,,,
RM1EVQ500H,,paritaria,L'AURORA,SCUOLA PRIMARIA NON STATALE,V. Tommaso Traetta n.68,00124,H501,Roma,,,nessuna,,,,108,6,2,4,5.6,,,
RM1A34500E,,paritaria,ARCOBALENO EX SAN DANIELE,SCUOLA INFANZIA NON STATALE,VIA SAN DANIELE DEL FRIULI,00188,H501,Roma,,,nessuna,,,,,,,,,,,
RMPS00500L,,paritaria,LICEO SCIENTIFICO POLIZIANO,SCUOLA SEC. SECONDO GRADO NON STATALE,VIA DELLA TRAVICELLA 55/61,00179,H501,Roma,,,nessuna,,,,18,1,0,1,5.6,LICEO,1,pochi_alunni
RM1ATP500P,,paritaria,Mondo infanzia alle Dodici Stelle,SCUOLA INFANZIA NON STATALE,Piazza delle Scuole Pie snc,00044,H501,Roma,,,nessuna,,,,,,,,,,,
RM1APT500R,,paritaria,PRIMAVERA DEL CAMPUS,SCUOLA INFANZIA NON STATALE,VIA REGDO SCODRO 35,00128,H501,Roma,,,nessuna,,,,,,,,,,,
RM1A384005,,paritaria,CIAMICIAN,SCUOLA INFANZIA NON STATALE,VIA CIAMICIAN 32,00100,H501,Roma,,,nessuna,,,,,,,,,,,
RM1A64900C,,paritaria,SCUOLA MATERNA S. CHIARA,SCUOLA INFANZIA NON STATALE,VIA C. TROIANI 90,00144,H501,Roma,,,nessuna,,,,,,,,,,,
RM1A7O5003,,paritaria,LICIO GIORGIERI,SCUOLA INFANZIA NON STATALE,V. Licio Giorgieri n. 58,00163,H501,Roma,,,nessuna,,,,,,,,,,,
RMPM4G5004,,paritaria,G. D'ANNUNZIO SCIENZE UMANE - ECONOMICO-SOCIALE,SCUOLA SEC. SECONDO GRADO NON STATALE,Via O. Panvinio 11/13,00162,H501,Roma,,,nessuna,,,,84,0,0,0,0,LICEO,1,
RM1AT65005,,paritaria,LA MAISONNETTE -INSIEME PER CRESCERE DI MONICA VIGI,SCUOLA INFANZIA NON STATALE,VIA DELLA COLOMBELLA 5/7,00036,H501,Roma,,,nessuna,,,,,,,,,,,fuori_comune
RM1APO5006,,paritaria,GINKO DORATO,SCUOLA INFANZIA NON STATALE,VIA NORMA COSSETTO 20/22,00143,H501,Roma,,,nessuna,,,,,,,,,,,
RM1A38800C,,paritaria,TITINA DE FILIPPO,SCUOLA INFANZIA NON STATALE,VLE TITINA DE FILIPPO,00139,H501,Roma,,,nessuna,,,,,,,,,,,
RM1AH65009,,paritaria,MARY POPPINS SCHOOL,SCUOLA INFANZIA NON STATALE,VIA ACCADEMIA ALBERTINA,00147,H501,Roma,,,nessuna,,,,,,,,,,,
RM1A47900E,,paritaria,SOMMOVIGO,SCUOLA INFANZIA NON STATALE,VIA SOMMOVIGO,00100,H501,Roma,,,nessuna,,,,,,,,,,,
RM1A661003,,paritaria,LEONARDO BIANCHI EX CALASANZIO,SCUOLA INFANZIA NON STATALE,VIA L.BIANCHI,00168,H501,Roma,,,nessuna,,,,,,,,,,,
RM1A441004,,paritaria,R. MERELLI,SCUOLA INFANZIA NON STATALE,VIA MALVANO 40,00194,H501,Roma,,,nessuna,,,,,,,,,,,
RM1A74600T,,paritaria,REFICE,SCUOLA INFANZIA NON STATALE,VIA REFICE SNC,00124,H501,Roma,,,nessuna,,,,,,,,,,,
RM1A38700L,,paritaria,D'ARONCO,SCUOLA INFANZIA NON STATALE,VIA D'ARONCO,00163,H501,Roma,,,nessuna,,,,,,,,,,,
RM1A47800P,,paritaria,G. SOGLIAN,SCUOLA INFANZIA NON STATALE,VIA CASSIA KM 18700,00100,H501,Roma,,,nessuna,,,,,,,,,,,
RM1A28100R,,paritaria,SCUOLA MATERNA DIVINO AMORE,SCUOLA INFANZIA NON STATALE,V.LE DI VILLA PANPHILI 3,00152,H501,Roma,,,nessuna,,,,,,,,,,,
RM1A8V500U,,paritaria,MOF 2007,SCUOLA INFANZIA NON STATALE,viale dell'Umanesimo72/74,00144,H501,Roma,,,nessuna,,,,,,,,,,,
RM1A36700B,,paritaria,SIBILLA EX CAPANNACCE,SCUOLA INFANZIA NON STATALE,VIA MONTEMANNO,00100,H501,Roma,,,nessuna,,,,,,,,,,,
RMPS655007,,paritaria,LIC. SCIENT. OPZIONE SCIENZE APPLICATE POLIZIANO,SCUOLA SEC. SECONDO GRADO NON STATALE,V. DELLA TRAVICELLA 55/61,00179,H501,Roma,,,nessuna,,,,33,3,1,2,9.1,LICEO,1,
RM1E02500L,,paritaria,SCUOLA ELEM.PARIT. MARIA TECLA RELUCENTI,SCUOLA PRIMARIA NON STATALE,VIA C. TORNABUONI 12,00166,H501,Roma,,,nessuna,,,,125,5,0,5,4,,,
RM1AM8500Q,,paritaria,LITTLE STAR DAYCARE,SCUOLA INFANZIA NON STATALE,VIA CASSIA ANTICA 344,00191,H501,Roma,,,nessuna,,,,,,,,,,,
RM1A42200P,,paritaria,LA PUNTA EX SCALIA,SCUOLA INFANZIA NON STATALE,VIA DE FRANCISCI 737,00165,H501,Roma,,,nessuna,,,,,,,,,,,
RMPQV5500Z,,paritaria,LICEO DELLE SCIENZE UMANE opz. ECONOMICO-SOCIALE-LICEO PINDARO,SCUOLA SEC. SECONDO GRADO NON STATALE,VIA MARCO ENRICO BOSSI 16/18,00124,H501,Roma,,,nessuna,,,,77,4,2,2,5.2,LICEO,1,
RM1E19600G,,paritaria,S.GABRIELE,SCUOLA PRIMARIA NON STATALE,VIA CASSIA KM. 16,00123,H501,Roma,,,nessuna,,,,,,,,,,,
RM1ES55005,,paritaria,SCUOLA PICCOLO UOMO,SCUOLA PRIMARIA NON STATALE,VIA NOMENTANA 1356-1358,00137,H501,Roma,,,nessuna,,,,98,1,0,1,1,,,
RMPMPL5008,,paritaria,LICEO SCIENZE UMANE OP. ECONOMICO SOC. IST. ROMA,SCUOLA SEC. SECONDO GRADO NON STATALE,V. ERNESTO NATHAN 41/43,00146,H501,Roma,,,nessuna,,,,56,1,0,1,1.8,LICEO,1,
RM1A438008,,paritaria,MAZZACURATI,SCUOLA INFANZIA NON STATALE,VIA MAZZACURATI,00148,H501,Roma,,,nessuna,,,,,,,,,,,
RM1ARI500V,,paritaria,SACRO CUORE,SCUOLA INFANZIA NON STATALE,Via di Valtellina 97,00151,H501,Roma,,,nessuna,,,,,,,,,,,
RM1E09700E,,paritaria,SCUOLA ELEM.PARIF. MATER CARMELI,SCUOLA PRIMARIA NON STATALE,VIA A. BENNICELLI 69/71,00151,H501,Roma,,,nessuna,,,,214,3,1,2,1.4,,,
RMPM045004,,paritaria,LICEO DELLE SCIENZE UMANE POLIZIANO,SCUOLA SEC. SECONDO GRADO NON STATALE,VIA DELLA TRAVICELLA 55/61,00179,H501,Roma,,,nessuna,,,,112,2,1,1,1.8,LICEO,1,
MIPS05801N,MIIS058007,statale,L. GIOVANNI GASTEL (SUCCURSALE),LICEO SCIENTIFICO,VIA C. AMORETTI 61/63,20157,F205,Milano,,,nessuna,0151460105,,,406,101,7,94,24.9,LICEO,1,fuori_comune
MIEE82001P,MIIC82000L,statale,PRIMARIA VIA DEI SALICI,SCUOLA PRIMARIA,VIA DEI SALICI 2,20152,F205,Milano,,,nessuna,0151460467,,,286,104,12,92,36.4,,,fuori_comune
MIAA82001D,MIIC82000L,statale,INFANZIA VIA DEI SALICI,SCUOLA INFANZIA,VIA DEI SALICI 4,20152,F205,Milano,,,nessuna,0151460011,,,,,,,,,,fuori_comune
MIPSQ55000,,paritaria,LICEO SCIENTIFICO SPORTIVO ISTITUTO LEONE XIII,SCUOLA SEC. SECONDO GRADO NON STATALE,VIA LEONE XIII 12,20145,F205,Milano,,,nessuna,,,,108,2,0,2,1.9,LICEO,1,fuori_comune
MITD25500P,,paritaria,ISTITUTO TECNICO COMMERCIALE FEDERICO JARACH COMUNITA' EBRAICA,SCUOLA SEC. SECONDO GRADO NON STATALE,VIA SALLY MAYER4/6,20146,F205,Milano,,,nessuna,,,,60,2,0,2,3.3,TECNICO,1,
MI1A07900E,,paritaria,SCUOLA DELL'INFANZIA COMUNALE VIA LITTA MODIGLIANI89,SCUOLA INFANZIA NON STATALE,VIA LITTA MODIGLIANI89,20100,F205,Milano,,,nessuna,,,,,,,,,,,
MI1MN45001,,paritaria,BILINGUAL EUROPEAN SCHOOL,SCUOLA SEC. PRIMO GRADO NON STATALE,VIA VAL CISMON 9,20162,F205,Milano,,,nessuna,,,,140,10,2,8,7.1,,,
MI1A04300Q,,paritaria,SCUOLA DELL'INFANZIA COMUNALE VIA COLLETTA49/51,SCUOLA INFANZIA NON STATALE,VIA COLLETTA49/51,20100,F205,Milano,,,nessuna,,,,,,,,,,,
MIPS09500G,,paritaria,LICEO SCIENTIFICO ISTITUTO LEONE XIII,SCUOLA SEC. SECONDO GRADO NON STATALE,V.LEONE XIII 12,20145,F205,Milano,,,nessuna,,,,330,18,2,16,5.5,LICEO,1,fuori_comune
MI1A046007,,paritaria,SCUOLA DELL'INFANZIA COMUNALE VIA COSTA22 EX 24,SCUOLA INFANZIA NON STATALE,VIA COSTA22 EX 24,20131,F205,Milano,,,nessuna,,,,,,,,,,,
MIPS01500P,,paritaria,LICEO SCIENTIFICO PARITARIO FAES CITTA' STUDI,SCUOLA SEC. SECONDO GRADO NON STATALE,VIA ZANOIA ANGOLO VIA PONZIO,20133,F205,Milano,,,nessuna,,,,184,8,2,6,4.3,LICEO,1,
MI1A22000R,,paritaria,"SCUOLA DELL'INFANZIA ""CASA DEI BAMBINI MONTESSORI""",SCUOLA INFANZIA NON STATALE,VIA MILAZZO7/9,20121,F205,Milano,,,nessuna,,,,,,,,,,,
MI1M07800T,,paritaria,SCUOLA SECONDARIA DI 1° GR. LA ZOLLA,SCUOLA SEC. PRIMO GRADO NON STATALE,V.G.CARCANO 53/9,20141,F205,Milano,,,nessuna,,,,265,4,0,4,1.5,,,
MI1A237006,,paritaria,SCUOLA DELL'INFANZIA FONDAZIONE SACRO CUORE,SCUOLA INFANZIA NON STATALE,VIA ROMBON78,20134,F205,Milano,,,nessuna,,,,,,,,,,,
MIPS04500E,,paritaria,LICEO SCIENTIFICO FEDERICO JARACH COMUNITA' EBRAICA,SCUOLA SEC. SECONDO GRADO NON STATALE,V.SALLY MAYER 4/6,20146,F205,Milano,,,nessuna,,,,78,3,1,2,3.8,LICEO,1,
MI1M08000T,,paritaria,SCUOLA SECONDARIA DI I GRADO ISTITUTO LEONE XIII,SCUOLA SEC. PRIMO GRADO NON STATALE,V.LEONE XIII 12,20145,F205,Milano,,,nessuna,,,,371,21,3,18,5.7,,,fuori_comune
MI1A245005,,paritaria,"SCUOLA DELL'INFANZIA ""SALLY MAYER"" COMUNITA' EBRAICA",SCUOLA INFANZIA NON STATALE,VIA SALLY MAYER4/6,20146,F205,Milano,,,nessuna,,,,,,,,,,,
MI1A12900A,,paritaria,SCUOLA DELL'INFANZIA COMUNALE VIA RUSSO,SCUOLA INFANZIA NON STATALE,VIA RUSSO,20100,F205,Milano,,,nessuna,,,,,,,,,,,
MISL025006,,paritaria,LICEO ARTISTICO FONDAZIONE SACRO CUORE,SCUOLA SEC. SECONDO GRADO NON STATALE,VIA ROMBON78,20134,F205,Milano,,,nessuna,,,,249,3,0,3,1.2,LICEO,1,
MIRF105007,,paritaria,ISTITUTO PROFESSIONALE SERVIZI SOCIO-SANITARI MARIA AUSILIATRICE,SCUOLA SEC. SECONDO GRADO NON STATALE,V.BONVESIN DE LA RIVA,20129,F205,Milano,,,nessuna,,,,89,7,0,7,7.9,PROFESSIONALE,1,
MI1M07300P,,paritaria,SCUOLA SECONDARIA DI 1° GR. FONDAZIONE SACRO CUORE,SCUOLA SEC. PRIMO GRADO NON STATALE,VIA ROMBON78,20134,F205,Milano,,,nessuna,,,,265,6,0,6,2.3,,,
MIPM58500Q,,paritaria,LICEO DELLE SCIENZE UMANE PARITARIO FAES CITTA' STUDI,SCUOLA SEC. SECONDO GRADO NON STATALE,VIA ZANOIA ANG. VIA PONZIO,20133,F205,Milano,,,nessuna,,,,105,1,0,1,1,LICEO,1,
MI1A0P5005,,paritaria,SCUOLA DELL'INFANZIA ISTITUTO LEONE XIII,SCUOLA INFANZIA NON STATALE,VIA LEONE XIII 12,20145,F205,Milano,,,nessuna,,,,,,,,,,,fuori_comune
MI1A089005,,paritaria,SCUOLA DELL'INFANZIA COMUNALE VIA MASSENA12/3,SCUOLA INFANZIA NON STATALE,VIA MASSENA12/3,20100,F205,Milano,,,nessuna,,,,,,,,,,,
MI1M10000T,,paritaria,SCUOLA SECONDARIA DI 1° GRADO LE JOSEF TEHILLOT,SCUOLA SEC. PRIMO GRADO NON STATALE,VIA WASHINGTON 21,20146,F205,Milano,,,nessuna,,,,20,1,1,0,5,,,
MI1A116008,,paritaria,SCUOLA DELL'INFANZIA COMUNALE VIA PISA5/1,SCUOLA INFANZIA NON STATALE,VIA PISA5/1,20100,F205,Milano,,,nessuna,,,,,,,,,,,
MI1A096008,,paritaria,SCUOLA DELL'INFANZIA COMUNALE VIA MONTEVELINO10,SCUOLA INFANZIA NON STATALE,VIA MONTEVELINO10,20100,F205,Milano,,,nessuna,,,,,,,,,,,
MI1M083009,,paritaria,SCUOLA SECONDARIA DI 1° GR. MARIO FALCO COMUNITA' EBRAICA,SCUOLA SEC. PRIMO GRADO NON STATALE,V. SALLY MAYER 4/6,20146,F205,Milano,,,nessuna,,,,66,3,0,3,4.5,,,
MI1A05200E,,paritaria,SCUOLA DELL'INFANZIA COMUNALE VIA DECORATI14,SCUOLA INFANZIA NON STATALE,VIA DECORATI14,20100,F205,Milano,,,nessuna,,,,,,,,,,,
MI1A09500C,,paritaria,SCUOLA DELL'INFANZIA COMUNALE VIA MONTEROTONDO10,SCUOLA INFANZIA NON STATALE,VIA MONTEROTONDO10,20100,F205,Milano,,,nessuna,,,,,,,,,,,
MI1E01400N,,paritaria,"SCUOLA ELEM.PAR.""A.DA FANO""- COMUNITA'EBRAICA",SCUOLA PRIMARIA NON STATALE,VIA SALLY MAYER 4/6,20146,F205,Milano,,,nessuna,,,,165,7,2,5,4.2,,,
MI1A02900D,,paritaria,SCUOLA DELL'INFANZIA COMUNALE VIA CARNIA,SCUOLA INFANZIA NON STATALE,VIA Carnia 22,20132,F205,Milano,,,nessuna,,,,,,,,,,,
MI1A091005,,paritaria,SCUOLA DELL'INFANZIA COMUNALE VIA MEMMI10/1,SCUOLA INFANZIA NON STATALE,VIA MEMMI10/1,20100,F205,Milano,,,nessuna,,,,,,,,,,,
MI1AZO500G,,paritaria,CASA DEI BAMBINI SCUOLA MONTESSORI,SCUOLA INFANZIA NON STATALE,PIAZZA SAN GIROLAMO EMILIANI 6,20133,F205,Milano,,,nessuna,,,,,,,,,,,
MI1E12600R,,paritaria,SCUOLA PRIMARIA ISTITUTO LEONE XIII,SCUOLA PRIMARIA NON STATALE,VIA LEONE XIII12,20145,F205,Milano,,,nessuna,,,,420,18,2,16,4.3,,,
MI1A08000P,,paritaria,SCUOLA DELL'INFANZIA COMUNALE VIA LOPE DE VEGA,SCUOLA INFANZIA NON STATALE,VIA LOPE DE VEGA,20100,F205,Milano,,,nessuna,,,,,,,,,,,
MI1E137007,,paritaria,SCUOLA PRIMARIA LE JOSEF TEHILLOT,SCUOLA PRIMARIA NON STATALE,VIA WASHINGTON 21,20146,F205,Milano,,,nessuna,,,,38,7,0,7,18.4,,,
MI1A08600N,,paritaria,SCUOLA DELL'INFANZIA COMUNALE VIA MARTINENGO34/2,SCUOLA INFANZIA NON STATALE,VIA MARTINENGO34/2,20100,F205,Milano,,,nessuna,,,,,,,,,,,
MI1A083006,,paritaria,SCUOLA DELL'INFANZIA COMUNALE VIA T.MANN9,SCUOLA INFANZIA NON STATALE,VIA THOMAS MANN9,20100,F205,Milano,,,nessuna,,,,,,,,,,,
MIPC125003,,paritaria,LICEO CLASSICO PARITARIO FAES CITTA' STUDI,SCUOLA SEC. SECONDO GRADO NON STATALE,VIA ZANOIA ANGOLO VIA PONZIO,20133,F205,Milano,,,nessuna,,,,71,2,2,0,2.8,LICEO,1,
MI1A017007,,paritaria,SCUOLA DELL'INFANZIA COMUNALE VIA BENELLI SEM12,SCUOLA INFANZIA NON STATALE,VIA BENELLI SEM12,20100,F205,Milano,,,nessuna,,,,,,,,,,,
MI1A03600L,,paritaria,SCUOLA DELL'INFANZIA COMUNALE VIA CESARI42,SCUOLA INFANZIA NON STATALE,VIA CESARI42,20162,F205,Milano,,,nessuna,,,,,,,,,,,
MI1E14100V,,paritaria,THE BILINGUAL EUROPEAN SCHOOL,SCUOLA PRIMARIA NON STATALE,VIA VAL CISMON 9,20162,F205,Milano,,,nessuna,,,,288,39,4,35,13.5,,,
MIPC10500T,,paritaria,LICEO CLASSICO ISTITUTO LEONE XIII,SCUOLA SEC. SECONDO GRADO NON STATALE,V.LEONE XIII 12,20145,F205,Milano,,,nessuna,,,,120,4,2,2,3.3,LICEO,1,fuori_comune
MI1A06000D,,paritaria,SCUOLA DELL'INFANZIA COMUNALE VIA FELTRE68/3,SCUOLA INFANZIA NON STATALE,VIA FELTRE68/3,20100,F205,Milano,,,nessuna,,,,,,,,,,,
MI1A11900Q,,paritaria,SCUOLA DELL'INFANZIA COMUNALE B.NI PORTA VENEZIA,SCUOLA INFANZIA NON STATALE,BASTIONI PORTA VENEZIA,20100,F205,Milano,,,nessuna,,,,,,,,,,,
NAPS78000D,NAPS78000D,statale,"LICEO SCIENTIFICO ""ARTURO LABRIOLA""",LICEO SCIENTIFICO,VIA TERRACINA,80125,F839,Napoli,,,nessuna,,,,835,13,1,12,1.6,LICEO,1,
NAAA8DC02R,NAIC8DC00V,statale,NA IC - 2 POL.NEUROP.INF.I CATT,SCUOLA INFANZIA,VIA PANSINI,80131,F839,Napoli,,,nessuna,,,,,,,,,,,
NAEE8DC022,NAIC8DC00V,statale,NA IC - II POLICLINICO SC.OSPED,SCUOLA PRIMARIA,VIA PANSINI,80131,F839,Napoli,,,nessuna,,,,,,,,,,,
NAMM8G301Q,NAIC8G300P,statale,MAIURI NAPOLI,SCUOLA PRIMO GRADO,VIA MOSCA 43,80129,F839,Napoli,,,nessuna,,,,268,14,0,14,5.2,,,
NAAA8DC01Q,NAIC8DC00V,statale,NA IC - II POLICLINICO SC.OSPED,SCUOLA INFANZIA,VIA PANSINI,80131,F839,Napoli,,,nessuna,,,,,,,,,,,
NAMM8B901N,NAIC8B900L,statale,SMS ERRICO-PASCOLI CD 61' NA,SCUOLA PRIMO GRADO,VIALE DELLE GALASSIE 2,80144,F839,Napoli,,,nessuna,,,,344,8,2,6,2.3,,,
NAEE8F804C,NAIC8F8007,statale,NA IC AMMATURO - S. FRANCESCO,SCUOLA PRIMARIA,VIA L. GIUSSO,80144,F839,Napoli,,,nessuna,,,,74,1,1,0,1.4,,,
NAAA826023,NAIC826005,statale,I.C. PASCOLI 2 NA - CARBONELLI,SCUOLA INFANZIA,VIA L. GIUSSO,80144,F839,Napoli,,,nessuna,,,,,,,,,,,
NASL14701E,NAIS147007,statale,LICEO ARTISTICO CASELLI-PALIZZI,LICEO ARTISTICO,PARCO DI CAPODIMONTE,80131,F839,Napoli,,,nessuna,,,,753,37,5,32,4.9,LICEO,1,
NARC142013,NAIS142004,statale,IST PROF. CARUSO,IST PROF PER I SERVIZI COMMERCIALI,Non Disponibile,Non Disponibile,F839,Napoli,,,nessuna,,,,76,7,1,6,9.2,PROFESSIONALE,1,
NAEE8B302R,NAIC8B300N,statale,NA IC 88 DE FILIPPO PETRONE,SCUOLA PRIMARIA,VIA ROSSI DORIA,80147,F839,Napoli,,,nessuna,,,,67,0,0,0,0,,,
NAAA8B201P,NAIC8B200T,statale,NA IC - IL GIROTONDO,SCUOLA INFANZIA,VIA M. PALERMO S.N.C.,80147,F839,Napoli,,,nessuna,,,,,,,,,,,
NAMM8HP01N,NAIC8HP00L,statale,MARINO NAPOLI,SCUOLA PRIMO GRADO,VIA BRONZI DI RIACE VILLE ROMANE,80147,F839,Napoli,,,nessuna,,,,305,4,2,2,1.3,,,
NAAA8HP05N,NAIC8HP00L,statale,NA IC 70 MARINO - LOTTO O,SCUOLA INFANZIA,VIA BRONZI DI RIACE,80147,F839,Napoli,,,nessuna,,,,,,,,,,,
NAAA8CM022,NAIC8CM004,statale,NA IC - FRATELLI CERVI,SCUOLA INFANZIA,VIA FRATELLI CERVI,80144,F839,Napoli,,,nessuna,,,,,,,,,,,
NAEE8HP05V,NAIC8HP00L,statale,NA IC 70 MARINO - LOTTO O,SCUOLA PRIMARIA,VIA BRONZI DI RIACE,80147,F839,Napoli,,,nessuna,,,,129,1,0,1,0.8,,,
NAAA8B303L,NAIC8B300N,statale,NA I.C. 88 DE FILIPPO PETRONE,SCUOLA INFANZIA,VIA ROSSI DORIA,80147,F839,Napoli,,,nessuna,,,,,,,,,,,
NAMM82801T,NAIC82800R,statale,80- BERLINGUER,SCUOLA PRIMO GRADO,VIA TAGLIAMONTE 106,80144,F839,Napoli,,,nessuna,,,,170,5,1,4,2.9,,,
NAEE8C902A,NAIC8C9007,statale,NA IC VILLANOVA -OSP.PAUSILIPON,SCUOLA PRIMARIA,Non Disponibile,Non Disponibile,F839,Napoli,,,nessuna,,,,,,,,,,,
NAEE826028,NAIC826005,statale,NA IC PASCOLI 2 - CARBONELLI,SCUOLA PRIMARIA,VIA L. GIUSSO,80144,F839,Napoli,,,nessuna,,,,171,2,1,1,1.2,,,
NAEE8E304P,NAIC8E300D,statale,NA IC 42 SALVEMINI - CARAFA,SCUOLA PRIMARIA,RIONE S. GAETANO,80145,F839,Napoli,,,nessuna,,,,64,0,0,0,0,,,
NAAA8B0013,NAIC8B0006,statale,NA IC 49 - VIA U. P. GIURLEO,SCUOLA INFANZIA,VIA ULISSE PROTA GIURLEO,80147,F839,Napoli,,,nessuna,,,,,,,,,,,
NAPC11000V,NAPC11000V,statale,L.CLAS.SANNAZARO-NAPOLI-,LICEO CLASSICO,VIA PUCCINI 12,80127,F839,Napoli,,,nessuna,,,,795,4,1,3,0.5,LICEO,1,
NAAA8E302B,NAIC8E300D,statale,NA IC 42 SALVEMINI -VILLA ADELE,SCUOLA INFANZIA,RIONE S. GAETANO,80145,F839,Napoli,,,nessuna,,,,,,,,,,,
NAPS14701N,NAIS147007,statale,LICEO MUSICALE-COREUTICO-PALIZZI,LICEO SCIENTIFICO,PIAZZETTA SALAZAR,Non Disponibile,F839,Napoli,,,nessuna,,,,212,4,0,4,1.9,LICEO,1,
NAAA8C9025,NAIC8C9007,statale,VILLANOVA-OSPEDALE-PAUSILIPON,SCUOLA INFANZIA,Non Disponibile,Non Disponibile,F839,Napoli,,,nessuna,,,,,,,,,,,
NAEE8F8019,NAIC8F8007,statale,NA IC RADICE SANZIO - RADICE,SCUOLA PRIMARIA,VIA STADERA A POGGIOREALE 78,80143,F839,Napoli,,,nessuna,,,,437,6,0,6,1.4,,,
NAAA8HQ02A,NAIC8HQ00C,statale,NA 17 CLIN.PEDIAT.I POLICLINICO,SCUOLA INFANZIA,VIA S. ANDREA DELLE DAME,80138,F839,Napoli,,,nessuna,,,,,,,,,,,
NASL12601D,NAIS126006,statale,"L.ART. "" ARCHIMEDE""",LICEO ARTISTICO,VIA E. SALGARI N. 08,80147,F839,Napoli,,,nessuna,,,,189,1,1,0,0.5,LICEO,1,
NAEE8B201X,NAIC8B200T,statale,NA IC - S. P. ALDO MORO,SCUOLA PRIMARIA,VIA THOMAS ELLIOT,80147,F839,Napoli,,,nessuna,,,,259,0,0,0,0,,,
NATD12601C,NAIS126006,statale,TD ITCG ARCHIMEDE-NAPOLI-,IST TEC COMMERCIALE E PER GEOMETRI,VIA E. SALGARI N. 08,80147,F839,Napoli,,,nessuna,,,,616,2,0,2,0.3,TECNICO,1,
NASL051019,NAIS051002,statale,"LICEO ARTISTICO "" CASANOVA""",LICEO ARTISTICO,Non Disponibile,Non Disponibile,F839,Napoli,,,nessuna,,,,72,16,2,14,22.2,LICEO,1,
NAEE8D104C,NAIC8D1007,statale,NA IC 19 - FONTANELLE,SCUOLA PRIMARIA,FONTANELLE,80136,F839,Napoli,,,nessuna,,,,76,19,0,19,25,,,
NAAA8D1036,NAIC8D1007,statale,NA IC 19 - FONTANELLE,SCUOLA INFANZIA,VIA S.M. DELLE CATENE ALLE FONTANELLE,80136,F839,Napoli,,,nessuna,,,,,,,,,,,
NAAA85102Q,NAIC85100T,statale,I.C. V.DA FELTRE PLESSO LAGHETT,SCUOLA INFANZIA,VIALE DUE GIUGNO,80146,F839,Napoli,,,nessuna,,,,,,,,,,,
NAAA85101P,NAIC85100T,statale,I.C. VITTORINO DA FELTRE,SCUOLA INFANZIA,VIA SORRENTO,80146,F839,Napoli,,,nessuna,,,,,,,,,,,
NAAA8DG035,NAIC8DG006,statale,NA IC - VAN GOGH,SCUOLA INFANZIA,VIA MIANELLA,80145,F839,Napoli,,,nessuna,,,,,,,,,,,
NAMM8F101D,NAIC8F100C,statale,NA IC 20 VILLA FLEURENT,SCUOLA PRIMO GRADO,Non Disponibile,Non Disponibile,F839,Napoli,,,nessuna,,,,190,6,0,6,3.2,,,
NASD13000N,NASD13000N,statale,LICEO ARTISTICO STATALE UMBERTO BOCCIONI,ISTITUTO D'ARTE,VIA NUOVA AGNANO 180,80125,F839,Napoli,,,nessuna,,,,602,7,0,7,1.2,LICEO,1,
NAAA8F8014,NAIC8F8007,statale,NA IC RADICE SANZIO - RADICE,SCUOLA INFANZIA,VIA STADERA POGGIOREALE 78,80143,F839,Napoli,,,nessuna,,,,,,,,,,,
NAEE036031,NAEE03600T,statale,NA 36 - SANTOBONO,SCUOLA PRIMARIA,VIA M. FIORE 8,80129,F839,Napoli,,,nessuna,,,,,,,,,,,
NAMM8CK01D,NAIC8CK00C,statale,MARCONI - NAPOLI,SCUOLA PRIMO GRADO,TRAVERSA DELL'ABBONDANZA,80145,F839,Napoli,,,nessuna,,,,245,5,2,3,2,,,
NAAA812058,NAIC812007,statale,NA 31 - T. SENISE,SCUOLA INFANZIA,PROLUNGAMENTO DI VIA MANSO N? 6,80142,F839,Napoli,,,nessuna,,,,,,,,,,,
NAAA8F8047,NAIC8F8007,statale,I.C. A. AMMATURO PL S.FRANCESCO,SCUOLA INFANZIA,VIA L. GIUSSO,80144,F839,Napoli,,,nessuna,,,,,,,,,,,
NAMM8AF01G,NAIC8AF00E,statale,VIRGILIO 4-NAPOLI-,SCUOLA PRIMO GRADO,VIA LABRIOLA LOTTO 10/H ZONA 1,80144,F839,Napoli,,,nessuna,,,,178,0,0,0,0,,,
NAAA812069,NAIC812007,statale,NA 31 -COSENZ - PIAGET,SCUOLA INFANZIA,VIA COSENZ,80142,F839,Napoli,,,nessuna,,,,,,,,,,,
NARI14701V,NAIS147007,statale,IPIA CASELLI-NAPOLI-,IST PROF INDUSTRIA E ARTIGIANATO,PARCO DI CAPODIMONTE,80131,F839,Napoli,,,nessuna,,,,90,1,0,1,1.1,PROFESSIONALE,1,
NARI14301G,NAIS14300X,statale,IST. PROF. DELLA PORTA - COLOSIMO,IST PROF INDUSTRIA E ARTIGIANATO,VIA SANTA MARIA ANTESECULA 52,80137,F839,Napoli,,,nessuna,,,,52,4,0,4,7.7,PROFESSIONALE,1,
NAAA8GZ03L,NAIC8GZ00N,statale,I.C. NA 5 - I LIMONI,SCUOLA INFANZIA,VIA F. CERVI - SCAMPIA,80145,F839,Napoli,,,nessuna,,,,,,,,,,,
NAEE8AF01L,NAIC8AF00E,statale,NA IC VIRGILIO IV - PLESSO 10H,SCUOLA PRIMARIA,ZONA 167,80144,F839,Napoli,,,nessuna,,,,293,0,0,0,0,,,
NAAA8AF03D,NAIC8AF00E,statale,VIRGILIO IV - LOTTO G -,SCUOLA INFANZIA,VIA LABRIOLA - LOTTO G,80144,F839,Napoli,,,nessuna,,,,,,,,,,,
NATF17000Q,NATF17000Q,statale,ITI G.FERRARIS-NAPOLI-,ISTITUTO TECNICO INDUSTRIALE,RIONE SCAMPIA - VIA LABRIOLA LOTTO 2,80145,F839,Napoli,,,nessuna,,,,1845,11,1,10,0.6,TECNICO,1,
NAAA8AF02C,NAIC8AF00E,statale,VIRGILIO IV - LOTTO 10 H -,SCUOLA INFANZIA,VIA LABRIOLA,80144,F839,Napoli,,,nessuna,,,,,,,,,,,
NA1E065004,,paritaria,ENTE RELIGIOSO SUORE RIPARATRICI SACRO CUORE,SCUOLA PRIMARIA NON STATALE,CASA GENERALIZIA - CORSO V. EMANUELE 494/A,80135,F839,Napoli,,,nessuna,,,,46,13,0,13,28.3,,,
NA1E05400N,,paritaria,ENTE RELIGIOSO FIGLIE DI MARIA AUSILIATRICE,SCUOLA PRIMARIA NON STATALE,IST. SALESIANE DI DON BOSCO - VIA E. ALVINO9,80127,F839,Napoli,,,nessuna,,,,216,5,1,4,2.3,,,
NA1A095002,,paritaria,SCUOLE PIE NAPOLETANE,SCUOLA INFANZIA NON STATALE,VIA GLEOPARDI101,80125,F839,Napoli,,,nessuna,,,,,,,,,,,
NA1A269007,,paritaria,PERASSO,SCUOLA INFANZIA NON STATALE,VIA BOTTEGHELLE 511,80147,F839,Napoli,,,nessuna,,,,,,,,,,,
NATD1E500I,,paritaria,NUOVO ISTITUTO MODIGLIANI (art. SIA nota n. 16871/31.07.2018),SCUOLA SEC. SECONDO GRADO NON STATALE,CORSO A. LUCCI 102/104,80142,F839,Napoli,,,nessuna,,,,81,1,1,0,1.2,TECNICO,1,
NA1E006008,,paritaria,ENTE MORALE FONDAZIONE ROMANO GUARDINI,SCUOLA PRIMARIA NON STATALE,"""SACRO CUORE"" - CORSO EUROPA 84",80127,F839,Napoli,,,nessuna,,,,130,14,0,14,10.8,,,
NA1A8A500P,,paritaria,IL REGNO DEI PICCOLI,SCUOLA INFANZIA NON STATALE,VIA PROVINCIALE 54 ANGOLO VIA CARLO I SNC,80126,F839,Napoli,,,nessuna,,,,,,,,,,,
NAPS7Q5000,,paritaria,MODIGLIANI (Opzione Scienze Applicate),SCUOLA SEC. SECONDO GRADO NON STATALE,CORSO A. LUCCI 102/104,80142,F839,Napoli,,,nessuna,,,,61,1,0,1,1.6,LICEO,1,
NA1E06700Q,,paritaria,ASSOCIAZIONE SCUOLA DELL'INFANZIA E PRIMARIA DOMUS PUERI,SCUOLA PRIMARIA NON STATALE,VIA F. PROVENZALE 1 TRAV.SX N.11,80141,F839,Napoli,,,nessuna,,,,250,3,0,3,1.2,,,
NA1E06600X,,paritaria,PAPA GIOVANNI XXIII CENTRO DIURNO PROGETTO OASI,SCUOLA PRIMARIA NON STATALE,PAPA GIOVANNI XXIII - VIA CAGNAZZI 14,80136,F839,Napoli,,,nessuna,,,,105,3,0,3,2.9,,,
NA1E15900N,,paritaria,ENTE RELIGIOSO FRANCESCANE MISSIONARIE EGITTO,SCUOLA PRIMARIA NON STATALE,IST. SACRO CUORE - VIA V. VENETO 5,80145,F839,Napoli,,,nessuna,,,,58,3,0,3,5.2,,,
NA1E22400G,,paritaria,ISTITUTO CORSARO,SCUOLA PRIMARIA NON STATALE,ISTITUTO CORSARO - VIA ACATE 48,80124,F839,Napoli,,,nessuna,,,,232,5,0,5,2.2,,,
NA1E00300R,,paritaria,ASSOCIAZIONE PADRE PIO ONLUS,SCUOLA PRIMARIA NON STATALE,Napoli a Via Giacomo Leopardi n. 101,80125,F839,Napoli,,,nessuna,,,,78,13,0,13,16.7,,,
NA1E058001,,paritaria,ENTE RELIGIOSO PICCOLE ANCELLE DI CRISTO RE,SCUOLA PRIMARIA NON STATALE,VOLTO SANTO PONTI ROSSI,80100,F839,Napoli,,,nessuna,,,,43,1,0,1,2.3,,,
NA1A26800B,,paritaria,29 CIRCOLO COMUNALE LOTTO O,SCUOLA INFANZIA NON STATALE,VIA B. LONGO LOTTO O,80147,F839,Napoli,,,nessuna,,,,,,,,,,,
NA1A532007,,paritaria,"SCUOLA COMUNALE ""VIA LABRIOLA 1N""",SCUOLA INFANZIA NON STATALE,VIA LABRIOLA LOTTO 1N,80148,F839,Napoli,,,nessuna,,,,,,,,,,,
NA1ECO500P,,paritaria,Un amore di famiglia - 1 prima classe a sviluppo graduale,SCUOLA PRIMARIA NON STATALE,vico Campane a Donnalbina n. 10/a,80134,F839,Napoli,,,nessuna,,,,23,0,0,0,0,,,
NA1A21200B,,paritaria,ASSOCIAZIONE ISTITUTO SAN GIUSEPPE MOSCATI,SCUOLA INFANZIA NON STATALE,VIA ELSA MORANTE S.N.C.,80145,F839,Napoli,,,nessuna,,,,,,,,,,,
NA1E07700A,,paritaria,ISTITUTO CATERINA VOLPICELLI,SCUOLA PRIMARIA NON STATALE,CATERINA VOLPICELLI C.SO S.G. TEDUCCIO681,80100,F839,Napoli,,,nessuna,,,,67,4,0,4,6,,,
NA1E01000X,,paritaria,ENTE RELIGIOSO ISTITUTO FIGLIE DI S.ANNA CARDINALE URSI,SCUOLA PRIMARIA NON STATALE,VIA ANNUNZIATA 43/48,80139,F839,Napoli,,,nessuna,,,,96,47,7,40,49,,,
NA1E00500C,,paritaria,ASSOCIAZIONE PADRE PIO ONLUS,SCUOLA PRIMARIA NON STATALE,via comizi 22,80059,F839,Napoli,,,nessuna,,,,20,0,0,0,0,,,
NA1E015003,,paritaria,ENTE RELIGIOSO DISCEPOLE DI GESU' EUCARISTICO,SCUOLA PRIMARIA NON STATALE,IST. CARDINALE ASCALESI - VIA E. GIANTURCO2,80142,F839,Napoli,,,nessuna,,,,44,11,0,11,25,,,
NA1E00400L,,paritaria,ENTE RELIGIOSO MONSIGNOR EDOARDO FABOZZI,SCUOLA PRIMARIA NON STATALE,CASA MARIO PEPE - SALITA TARSIA 62,80134,F839,Napoli,,,nessuna,,,,54,28,3,25,51.9,,,
NA1E234006,,paritaria,PROGETTO SCUOLA S.R.L. IMPRESA SOCIALE - ISTITUTO ROSSINI,SCUOLA PRIMARIA NON STATALE,VIALE DELLE PORCELLANE 16,80131,F839,Napoli,,,nessuna,,,,95,0,0,0,0,,,
NA1A57300D,,paritaria,16 CIRCOLO COMUNALE,SCUOLA INFANZIA NON STATALE,VIA FRATELLI CERVI,80144,F839,Napoli,,,nessuna,,,,,,,,,,,fuori_comune
NA1E03700X,,paritaria,IMPRESA SOCIALE D.P.D.B. S.R.L.,SCUOLA PRIMARIA NON STATALE,Via Portacarrese a Montecalvario nn. 69/70,80121,F839,Napoli,,,nessuna,,,,210,10,2,8,4.8,,,
NA1A682005,,paritaria,ENTE RELIGIOSO PONTILLO,SCUOLA INFANZIA NON STATALE,VIA PRINCIPE DI SANNINCANDRO15,80146,F839,Napoli,,,nessuna,,,,,,,,,,,
NA1M03900R,,paritaria,PONTANO,SCUOLA SEC. PRIMO GRADO NON STATALE,CORSO VITTORIO EMANUELE 580/581,80135,F839,Napoli,,,nessuna,,,,43,14,2,12,32.6,,,
NA1A051008,,paritaria,LA LODOLETTA,SCUOLA INFANZIA NON STATALE,VIA LIETI 93,80131,F839,Napoli,,,nessuna,,,,,,,,,,,
NA1A518001,,paritaria,15 SMC LA NIDIATA,SCUOLA INFANZIA NON STATALE,VIA BOEZIO,80124,F839,Napoli,,,nessuna,,,,,,,,,,,
NA1A150009,,paritaria,ENTE RELIGIOSO S.PATRIZIA SUORE CROCIFISSE ADORATRICI,SCUOLA INFANZIA NON STATALE,DELL'EUCARESTIA - S.GREGORIO ARMENO1,80138,F839,Napoli,,,nessuna,,,,,,,,,,,
NA1AIZ5006,,paritaria,DALLA PARTE DEI BAMBINI,SCUOLA INFANZIA NON STATALE,VIA MORGHEN 10,80134,F839,Napoli,,,nessuna,,,,,,,,,,,
NA1A52700Q,,paritaria,"SCUOLA COMUNALE ""EMMA PERODI""",SCUOLA INFANZIA NON STATALE,RIONE M.D'AZEGLIO,80146,F839,Napoli,,,nessuna,,,,,,,,,,,
NA1E05000A,,paritaria,CE.DI.S. IMPRESA SOCIALE S.R.L.,SCUOLA PRIMARIA NON STATALE,III TRAV/SA PROVINCIALE 83,80126,F839,Napoli,,,nessuna,,,,51,22,0,22,43.1,,,
NA1A3G500F,,paritaria,Un amore di famiglia - 4 sez,SCUOLA INFANZIA NON STATALE,vico Campane a Donnalbina n. 10/a,80134,F839,Napoli,,,nessuna,,,,,,,,,,,
NA1E03900G,,paritaria,ENTE RELIGIOSO SUORE DELLE DIVINE VOCAZIONI,SCUOLA PRIMARIA NON STATALE,MADRE RUSSOLILLO - CORSO DUCA D'AOSTA22,80126,F839,Napoli,,,nessuna,,,,146,4,0,4,2.7,,,
NA1A52600X,,paritaria,"SCUOLA COMUNALE ""BELTRAMELLI""",SCUOLA INFANZIA NON STATALE,VIA GAETANO BRUNO RIONE ASCARELLI,80143,F839,Napoli,,,nessuna,,,,,,,,,,,
NA1A234008,,paritaria,SACRO CUORE,SCUOLA INFANZIA NON STATALE,VIA NUOVA S.ROCC0 12,80131,F839,Napoli,,,nessuna,,,,,,,,,,,
NA1E04800A,,paritaria,ASSOCIAZIONE ISTITUTO SAN GIUSEPPE MOSCATI,SCUOLA PRIMARIA NON STATALE,VIA ELSA MORANTE SNC,80145,F839,Napoli,,,nessuna,,,,159,1,1,0,0.6,,,
NA1E21700C,,paritaria,SUORE MAESTRE SANTA DOROTEA SCUOLA PAOLA FRASSINETTI,SCUOLA PRIMARIA NON STATALE,PAOLA FRASSINETTI - VIA MANZONI 121,80123,F839,Napoli,,,nessuna,,,,116,2,0,2,1.7,,,
NA1A53000G,,paritaria,"SCUOLA COMUNALE ""MONTEROSA""",SCUOLA INFANZIA NON STATALE,VIA MONTE ROSA INA CASA,80144,F839,Napoli,,,nessuna,,,,,,,,,,,
NA1E6E500B,,paritaria,DALLA PARTE DEI BAMBINI,SCUOLA PRIMARIA NON STATALE,VIA MORGHEN 10,80134,F839,Napoli,,,nessuna,,,,81,0,0,0,0,,,
NA1E007004,,paritaria,ENTE RELIGIOSO SUORE MARIA SS. ADDOLORATA,SCUOLA PRIMARIA NON STATALE,ISTITUTO S. FILOMENA - V.LE COLLI AMINEI35,08100,F839,Napoli,,,nessuna,,,,81,1,0,1,1.2,,,
NAPS045004,,paritaria,PONTANO,SCUOLA SEC. SECONDO GRADO NON STATALE,CORSO VITTORIO EMANUELE 580/581,80135,F839,Napoli,,,nessuna,,,,136,4,0,4,2.9,LICEO,1,
NA1A52800G,,paritaria,"SCUOLA COMUNALE ""F.SOAVE""",SCUOLA INFANZIA NON STATALE,VICO TRE CENSI,80144,F839,Napoli,,,nessuna,,,,,,,,,,,
NA1E051006,,paritaria,FIMAR IMPRESA SOCIALE S.R.L.,SCUOLA PRIMARIA NON STATALE,IST. IL CIGNO - VIA NAPOLI 121,80126,F839,Napoli,,,nessuna,,,,169,8,0,8,4.7,,,
NATFGA500B,,paritaria,SANTA MARIA DEL POZZO (ART. iNFORMATICA),SCUOLA SEC. SECONDO GRADO NON STATALE,VIA GIAMBATTISTA VELA 318/320,80147,F839,Napoli,,,nessuna,,,,98,5,3,2,5.1,TECNICO,1,
NA1ACU5009,,paritaria,Pontano - 1 sezione,SCUOLA INFANZIA NON STATALE,Corso Vittorio Emanuele nn. 580/581,80021,F839,Napoli,,,nessuna,,,,,,,,,,,
NA1A40300A,,paritaria,C. PERRAULT,SCUOLA INFANZIA NON STATALE,VIA TOSCANELLA 25/80,80145,F839,Napoli,,,nessuna,,,,,,,,,,,
NAPMDC5007,,paritaria,MODIGLIANI (Liceo Scienze Umane op. Economico Sociale),SCUOLA SEC. SECONDO GRADO NON STATALE,CORSO LUCCI 100/104,80142,F839,Napoli,,,nessuna,,,,71,1,0,1,1.4,LICEO,1,
NA1A28200N,,paritaria,VILLA ADELE,SCUOLA INFANZIA NON STATALE,VIA MIANO PISCINOLA,80145,F839,Napoli,,,nessuna,,,,,,,,,,,
NAPC08500B,,paritaria,PONTANO,SCUOLA SEC. SECONDO GRADO NON STATALE,CORSO VITTORIO EMANUELE 580/581,80100,F839,Napoli,,,nessuna,,,,64,0,0,0,0,LICEO,1,
NAPMB5500T,,paritaria,PONTANO (Liceo delle Scienze Umane),SCUOLA SEC. SECONDO GRADO NON STATALE,CORSO VITTORIO EMANUELE 580/581,80100,F839,Napoli,,,nessuna,,,,9,1,0,1,11.1,LICEO,1,pochi_alunni
NA1A272003,,paritaria,ENTE RELIGIOSO SANTA ELISABETTA,SCUOLA INFANZIA NON STATALE,VIA DELLE PUGLIE 172/B,80143,F839,Napoli,,,nessuna,,,,,,,,,,,
NA1A143006,,paritaria,ASSOCIAZIONE SCUOLA DELL'INFANZIA E PRIMARIA DOMUS PUERI,SCUOLA INFANZIA NON STATALE,VIA S.PROVENZALE I TR. SX 11,80141,F839,Napoli,,,nessuna,,,,,,,,,,,
NA1A47400C,,paritaria,PROGETTO SCUOLA S.R.L. IMPRESA SOCIALE - ISTITUTO ROSSINI,SCUOLA INFANZIA NON STATALE,VIALE DELLE PORCELLANE 16,80131,F839,Napoli,,,nessuna,,,,,,,,,,,
NA1A257001,,paritaria,CONGREGZIONE FGLIE DI NS. SIG. DELL'EUCARESTIA,SCUOLA INFANZIA NON STATALE,SCALA MONTESANTO N 5/6,80100,F839,Napoli,,,nessuna,,,,,,,,,,,
NA1A11300A,,paritaria,IMPRESA SOCIALE D.P.D.B. S.R.L.,SCUOLA INFANZIA NON STATALE,Via Portacarrese a Montecalvario 69/70,80121,F839,Napoli,,,nessuna,,,,,,,,,,,
NARH5T500V,,paritaria,SANTA MARIA DEL POZZO,SCUOLA SEC. SECONDO GRADO NON STATALE,VIA GIAMBATTISTA VELA 318/320,80147,F839,Napoli,,,nessuna,,,,207,17,2,15,8.2,PROFESSIONALE,1,
NA1A22300T,,paritaria,FIMAR IMPRESA SOCIALE S.R.L.,SCUOLA INFANZIA NON STATALE,V TRAVERSA PRO.LE CUMANA 16,80126,F839,Napoli,,,nessuna,,,,,,,,,,,
NA1AZ8500C,,paritaria,Il Nido di Mimma,SCUOLA INFANZIA NON STATALE,Via Giacinto Gigante n. 92,80136,F839,Napoli,,,nessuna,,,,,,,,,,,
NA1ASA500S,,paritaria,TUTTIGIUPERTERRA S.R.L. IMPRESA SOCIALE,SCUOLA INFANZIA NON STATALE,VIA DEL PARCO MARGHERITA 2/4,80121,F839,Napoli,,,nessuna,,,,,,,,,,,
NA1A15500C,,paritaria,ASSOCIAZIONE PADRE PIO ONLUS,SCUOLA INFANZIA NON STATALE,Via Giacomo Leopardi n. 101,80125,F839,Napoli,,,nessuna,,,,,,,,,,,
TOAA8BX029,TOIC8BX00B,statale,I.C. BOSSO - D'ARBOREA,SCUOLA INFANZIA,VIA ELEONORA D'ARBOREA 9/4,10137,L219,Torino,,,nessuna,,,,,,,,,,,
TOAA86601V,TOIC866002,statale,IC CAIROLI V. ARTOM,SCUOLA INFANZIA,VIA ARTOM 109/3,10127,L219,Torino,,,nessuna,,,,,,,,,,,
TORC05402X,TOIS05400X,statale,IPSC GIULIO - SEZ. CARCERE,IST PROF PER I SERVIZI COMMERCIALI,Non Disponibile,Non Disponibile,L219,Torino,,,nessuna,,,,138,62,2,60,44.9,PROFESSIONALE,1,
TO1EDV500F,,paritaria,TO . P TORINO PRIMARY SCHOOL,SCUOLA PRIMARIA NON STATALE,CORSO ROSSELLI 108/5A,10129,L219,Torino,,,nessuna,,,,76,8,1,7,10.5,,,
TO1A111005,,paritaria,ASTRID LINDGREN,SCUOLA INFANZIA NON STATALE,VIA BARLETTA 109/20,10137,L219,Torino,,,nessuna,,,,,,,,,,,
TO1A05700N,,paritaria,S.GIUSEPPE LAVORATORE,SCUOLA INFANZIA NON STATALE,VIA BOTTICELLI 11/15,10155,L219,Torino,,,nessuna,,,,,,,,,,,
TO1A141001,,paritaria,MIRAFIORI SUD,SCUOLA INFANZIA NON STATALE,V.NEGARVILLE 30/8,10135,L219,Torino,,,nessuna,,,,,,,,,,,
TO1A04200X,,paritaria,MADONNA DELLE ROSE,SCUOLA INFANZIA NON STATALE,C.so U.SOVIET.223,10134,L219,Torino,,,nessuna,,,,,,,,,,,
TO1A01400Q,,paritaria,NOSTRA SIGNORA DELLA SALUTE,SCUOLA INFANZIA NON STATALE,VIA FONTANELLA 9/11,10147,L219,Torino,,,nessuna,,,,,,,,,,,
TO1AGF500E,,paritaria,ARSENALE DELLA PACE,SCUOLA INFANZIA NON STATALE,VIA ANDREIS 18/25,10152,L219,Torino,,,nessuna,,,,,,,,,,,
PAEE8AD052,PAIC8AD00Q,statale,P.O. ISMET E CIVICO,SCUOLA PRIMARIA,VIA TRICOMI,90127,G273,Palermo,,,nessuna,,,,,,,,,,,
PAEE87903P,PAIC87900E,statale,I.C. MANZONI/IMP. - G. LA PIRA,SCUOLA PRIMARIA,VIA PIETRO MERENDA,90145,G273,Palermo,,,nessuna,,,,148,36,1,35,24.3,,,
PAAA854057,PAIC854006,statale,S.TERESA DEL BAMBIN GESU',SCUOLA INFANZIA,Non Disponibile,Non Disponibile,G273,Palermo,,,nessuna,,,,,,,,,,,
PAEE8AN01N,PAIC8AN00G,statale,I.C. ALBERICO GENTILI- G.PITRE',SCUOLA PRIMARIA,VIA DAMIANI ALMEJDA 27,90141,G273,Palermo,,,nessuna,,,,246,13,0,13,5.3,,,
PAAA8A2044,PAIC8A2004,statale,VIA DEL VESPRO,SCUOLA INFANZIA,VIA AUGUSTO ELIA,90127,G273,Palermo,,,nessuna,,,,,,,,,,,
PAMM8AA019,PAIC8AA008,statale,MENDELSSOHN-CRUILLAS,SCUOLA PRIMO GRADO,VIA MENDELSSOHN N.1,90146,G273,Palermo,,,nessuna,,,,177,1,0,1,0.6,,,
PAEE8A2038,PAIC8A2004,statale,VIA DEL VESPRO = R. PILO,SCUOLA PRIMARIA,VIA AUGUSTO ELIA,90127,G273,Palermo,,,nessuna,,,,77,6,1,5,7.8,,,
PAMM8BT01G,PAIC8BT00E,statale,PECORARO ANTONINO,SCUOLA PRIMO GRADO,PIAZZA EUROPA 110,90146,G273,Palermo,,,nessuna,,,,654,15,2,13,2.3,,,
PAAA8BJ04V,PAIC8BJ00V,statale,CITTADELLA,SCUOLA INFANZIA,LARGO DEL DRAGONE,90100,G273,Palermo,,,nessuna,,,,,,,,,,,
PAAA8AD06T,PAIC8AD00Q,statale,P.O. ISMETT E CIVICO,SCUOLA INFANZIA,Non Disponibile,90100,G273,Palermo,,,nessuna,,,,,,,,,,,
PAAA8AU03P,PAIC8AU00Q,statale,VITTORINO DA FELTRE,SCUOLA INFANZIA,CORSO CALATAFINI 1035,90131,G273,Palermo,,,nessuna,,,,,,,,,,,
PAEE8BP032,PAIC8BP00T,statale,D.D. A. SIRAGUSA - AMMIR. CAGNI,SCUOLA PRIMARIA,VIA A. U. CAGNI40/42,90146,G273,Palermo,,,nessuna,,,,177,4,1,3,2.3,,,
PAEE8AD041,PAIC8AD00Q,statale,OSPEDALE G. DI CRISTINA,SCUOLA PRIMARIA,PIAZZA MONTALTO,90134,G273,Palermo,,,nessuna,,,,,,,,,,,
PAAA8AD02N,PAIC8AD00Q,statale,PLESSO ONORATO,SCUOLA INFANZIA,VIA C.C 5 N? 5,90129,G273,Palermo,,,nessuna,,,,,,,,,,,
PAEE8BB02T,PAIC8BB00P,statale,INGRASSIA,SCUOLA PRIMARIA,VIA V.STATELLA 21,90123,G273,Palermo,,,nessuna,,,,194,0,0,0,0,,,
PAAA85602Q,PAIC85600T,statale,PLESSO CASTELLANA,SCUOLA INFANZIA,VIA CASTELLANA N?85,90135,G273,Palermo,,,nessuna,,,,,,,,,,,
PAAA8AD05R,PAIC8AD00Q,statale,OSPEDALE G.DI CRISTINA,SCUOLA INFANZIA,PIAZZA MONTALTO,90134,G273,Palermo,,,nessuna,,,,,,,,,,,
PAMM8BS01Q,PAIC8BS00P,statale,SCUOLA SEC. DI 1' V.E. ORLANDO,SCUOLA PRIMO GRADO,VIA LUSSEMBURGO 103,90146,G273,Palermo,,,nessuna,,,,517,6,2,4,1.2,,,
PAMM8AR01X,PAIC8AR00V,statale,GIUSEPPE SCELSA,SCUOLA PRIMO GRADO,VIA VILLANI40,90100,G273,Palermo,,,nessuna,,,,249,1,0,1,0.4,,,
PAPS028018,PAIS02800T,statale,LICEO SCIENTIFICO,LICEO SCIENTIFICO,SPORTIVO,Non Disponibile,G273,Palermo,,,nessuna,,,,141,1,0,1,0.7,LICEO,1,
PAEE01207D,PAEE012006,statale,DIAZ NUOVO,SCUOLA PRIMARIA,VIA FEDERICO FERRARI ORSI 89,90123,G273,Palermo,,,nessuna,,,,65,0,0,0,0,,,
PAAA8BQ01E,PAIC8BQ00N,statale,DONAUDY = ARCULEO,SCUOLA INFANZIA,Non Disponibile,90100,G273,Palermo,,,nessuna,,,,,,,,,,,
PAEE8AR066,PAIC8AR00V,statale,NUOVO PAGLIARELLI,SCUOLA PRIMARIA,VIA VILLANI S.N.,90129,G273,Palermo,,,nessuna,,,,202,3,1,2,1.5,,,
PAMM892012,PAIC892001,statale,MATTARELLA PIERSANTI,SCUOLA PRIMO GRADO,VIA BONAGIA14,90125,G273,Palermo,,,nessuna,,,,438,0,0,0,0,,,
PAAA8BJ01Q,PAIC8BJ00V,statale,INFANZIA PLESSO ALONGI,SCUOLA INFANZIA,VIA ALONGI,90124,G273,Palermo,,,nessuna,,,,,,,,,,,
PAEE892024,PAIC892001,statale,P. MATTARELLA,SCUOLA PRIMARIA,VIA BONAGIA 14,90125,G273,Palermo,,,nessuna,,,,121,0,0,0,0,,,
PAAA8A2033,PAIC8A2004,statale,VIA MAESTRI DEL LAVORO=R.PILO,SCUOLA INFANZIA,VIA MAESTRI DEL LAVORO,90124,G273,Palermo,,,nessuna,,,,,,,,,,,
PAAA8BT01B,PAIC8BT00E,statale,DE GASPERI ALCIDE,SCUOLA INFANZIA,PIAZZA PAPA GIOVANNI PAOLO II,90146,G273,Palermo,,,nessuna,,,,,,,,,,,
PAAA89201T,PAIC892001,statale,P.MATTARELLA,SCUOLA INFANZIA,VIA BONAGIA 14,90125,G273,Palermo,,,nessuna,,,,,,,,,,,
PAAA8BP01P,PAIC8BP00T,statale,A.U.CAGNI,SCUOLA INFANZIA,VIA CAGNI N.40/42,90146,G273,Palermo,,,nessuna,,,,,,,,,,,
PAAA8BF02X,PAIC8BF002,statale,DE AMICIS,SCUOLA INFANZIA,VIA ROSSO DI S. SECONDO,90135,G273,Palermo,,,nessuna,,,,,,,,,,,
PAPC100005,PAPC100005,statale,LC CL.ANNESSO CONV.NAZ. G.FALCONE,LICEO CLASSICO,PIAZZA SETTANGELI 3,90134,G273,Palermo,,,nessuna,,,,94,4,0,4,4.3,LICEO,1,
PAEE8AX04C,PAIC8AX007,statale,PLESSO DOMINO,SCUOLA PRIMARIA,VIA CLAUDIO DOMINO 2,90146,G273,Palermo,,,nessuna,,,,191,6,1,5,3.1,,,
PAMM8BE017,PAIC8BE006,statale,S.M.S. RAIMONDO FRANCHETTI,SCUOLA PRIMO GRADO,V.LE A.D'AOSTA /VIA MAIONE DA BARI,90124,G273,Palermo,,,nessuna,,,,278,1,0,1,0.4,,,
PAEE8BE029,PAIC8BE006,statale,PLESSO G. ALAGNA,SCUOLA PRIMARIA,VIA DOMENICO BAZZANO,90123,G273,Palermo,,,nessuna,,,,147,0,0,0,0,,,
PAAA87902C,PAIC87900E,statale,GIORGIO LA PIRA,SCUOLA INFANZIA,VIA PIETRO MERENDA,90145,G273,Palermo,,,nessuna,,,,,,,,,,,
PAAA8AX036,PAIC8AX007,statale,PLESSO DOMINO,SCUOLA INFANZIA,VIA CLAUDIO DOMINO 2,90146,G273,Palermo,,,nessuna,,,,,,,,,,,
PAAA012056,PAEE012006,statale,DIAZ NUOVO,SCUOLA INFANZIA,VIA FEDERICO FERRARI ORSI 89,90123,G273,Palermo,,,nessuna,,,,,,,,,,,
PAAA8BB02L,PAIC8BB00P,statale,VIA V. STATELLA 21,SCUOLA INFANZIA,VIA V STATELLA21,90123,G273,Palermo,,,nessuna,,,,,,,,,,,
PA1A221003,,paritaria,S. PIO X,SCUOLA INFANZIA NON STATALE,VIA SAN LORENZO COLLI 282,90146,G273,Palermo,,,nessuna,,,,,,,,,,,
PA1AT9500Q,,paritaria,GREEN AVENUE SCHOOL,SCUOLA INFANZIA NON STATALE,VIA TEVERE - 9,90144,G273,Palermo,,,nessuna,,,,,,,,,,,
PA1ASV500H,,paritaria,IL BIRICOCCOLO,SCUOLA INFANZIA NON STATALE,VIA STAZZONE - 12,90145,G273,Palermo,,,nessuna,,,,,,,,,,,
PA1ALL500V,,paritaria,LA BOTTEGA DI GEPPETTO,SCUOLA INFANZIA NON STATALE,VICOLO CARINI SNC,90134,G273,Palermo,,,nessuna,,,,,,,,,,,
PA1A5S500R,,paritaria,ISTITUTO GONZAGA,SCUOLA INFANZIA NON STATALE,VIA PIERSANTI MATTARELLA N. 38-42,90100,G273,Palermo,,,nessuna,,,,,,,,,,,
PAPS3Q5009,,paritaria,ISTITUTO GONZAGA,SCUOLA SEC. SECONDO GRADO NON STATALE,VIA PIERSANTI MATTARELLA N. 38-42,90100,G273,Palermo,,,nessuna,,,,240,10,2,8,4.2,LICEO,1,
PA1ALO500P,,paritaria,Carl Rogers,SCUOLA INFANZIA NON STATALE,Via Caravaggio 9-11,90145,G273,Palermo,,,nessuna,,,,,,,,,,,
PA1E00300N,,paritaria,MARIA SCHININA',SCUOLA PRIMARIA NON STATALE,VIA R. SICILIANA4378,90100,G273,Palermo,,,nessuna,,,,37,0,0,0,0,,,
PA1AGT5009,,paritaria,LILLIPUT,SCUOLA INFANZIA NON STATALE,VIA DEL BERSAGLIERE - 71,90143,G273,Palermo,,,nessuna,,,,,,,,,,,
PA1AMC5001,,paritaria,LA GIOSTRA DEI COLORI,SCUOLA INFANZIA NON STATALE,VIA ENRICO HASSAN 2/4/6,90123,G273,Palermo,,,nessuna,,,,,,,,,,,
PA1AA9500V,,paritaria,FLORIO BABYLIFE,SCUOLA INFANZIA NON STATALE,VIA PIETRO NENNI 3/5,90146,G273,Palermo,,,nessuna,,,,,,,,,,,
PA1AGR500C,,paritaria,Engel School,SCUOLA INFANZIA NON STATALE,Via U. Perricone Engel n.15,90135,G273,Palermo,,,nessuna,,,,,,,,,,,
PA1AHN500G,,paritaria,LE APINE LABORIOSE,SCUOLA INFANZIA NON STATALE,VIA BORREMANS 42/46,90145,G273,Palermo,,,nessuna,,,,,,,,,,,
PA1A32200Q,,paritaria,IL PICCOLO PRINCIPE,SCUOLA INFANZIA NON STATALE,VIA U. LA MALFA91,90100,G273,Palermo,,,nessuna,,,,,,,,,,,
PA1AUO500B,,paritaria,L'IPPOPOTAMO 2,SCUOLA INFANZIA NON STATALE,VIA C. PIAZZA 1357,90129,G273,Palermo,,,nessuna,,,,,,,,,,,
PAPC1H500H,,paritaria,ISTITUTO GONZAGA,SCUOLA SEC. SECONDO GRADO NON STATALE,VIA PIERSANTI MATTARELLA N. 38-42,90100,G273,Palermo,,,nessuna,,,,82,0,0,0,0,LICEO,1,
PATDEE500L,,paritaria,NICCOLO' MACHIAVELLI,SCUOLA SEC. SECONDO GRADO NON STATALE,VIA DELLA FERROVIA 54,90146,G273,Palermo,,,nessuna,,,,56,0,0,0,0,TECNICO,1,
PA1A29400R,,paritaria,JEAN PIAGET,SCUOLA INFANZIA NON STATALE,VIA GUGLIELMO OBERDAN 2,90135,G273,Palermo,,,nessuna,,,,,,,,,,,
PA1A305002,,paritaria,DIMENSIONE BIMBO 1,SCUOLA INFANZIA NON STATALE,VIA CAPITANO EMANUELE BASILE N. 30/38,90135,G273,Palermo,,,nessuna,,,,,,,,,,,
PA1AL5500T,,paritaria,IL BOSCO DEI CENTO ACRI,SCUOLA INFANZIA NON STATALE,VIA GEN. DOMENICO CHINNICI - 26,90129,G273,Palermo,,,nessuna,,,,,,,,,,,
PA1ADV500R,,paritaria,SCUOLA BILINGUE SCHOLE,SCUOLA INFANZIA NON STATALE,VIA MICHELE LA ROSA - 19,90145,G273,Palermo,,,nessuna,,,,,,,,,,,
PA1MB95007,,paritaria,ISTITUTO GONZAGA,SCUOLA SEC. PRIMO GRADO NON STATALE,VIA PIERSANTI MATTARELLA N. 38-42,90100,G273,Palermo,,,nessuna,,,,134,4,0,4,3,,,
PA1A007003,,paritaria,COMUNALE PERALTA,SCUOLA INFANZIA NON STATALE,VIA Fileti15,90142,G273,Palermo,,,nessuna,,,,,,,,,,,
PA1EAT500P,,paritaria,ISTITUTO GONZAGA,SCUOLA PRIMARIA NON STATALE,VIA PIERSANTI MATTARELLA N. 38-42,90100,G273,Palermo,,,nessuna,,,,218,10,0,10,4.6,,,
PA1A21100C,,paritaria,IL PAESE DI ALICE,SCUOLA INFANZIA NON STATALE,VIA SANFILIPPO 112,90124,G273,Palermo,,,nessuna,,,,,,,,,,,
PA1A105008,,paritaria,SANT'ANNA,SCUOLA INFANZIA NON STATALE,VIA DOSSUNA 110,90138,G273,Palermo,,,nessuna,,,,,,,,,,,
PA1E80500Q,,paritaria,LEADER BABY,SCUOLA PRIMARIA NON STATALE,VIA MICHELE LA ROSA - 11/19,90100,G273,Palermo,,,nessuna,,,,27,0,0,0,0,,,
PA1A28200E,,paritaria,LE COCCINELLE,SCUOLA INFANZIA NON STATALE,V. PARTANNA MONDELLO 75/81,90151,G273,Palermo,,,nessuna,,,,,,,,,,,
PA1A80500H,,paritaria,MAMY'S CLUB,SCUOLA INFANZIA NON STATALE,VIA RINALDO MONTUORO - 7,90100,G273,Palermo,,,nessuna,,,,,,,,,,,
PA1AGE500P,,paritaria,LA SCUOLA DI JAQUES COPEAU,SCUOLA INFANZIA NON STATALE,VIA A. NARBONE - 59,90138,G273,Palermo,,,nessuna,,,,,,,,,,,
PA1A5Z5002,,paritaria,LA BACCHETTA MAGICA,SCUOLA INFANZIA NON STATALE,VIA FRANCO FACCIO - 2,90100,G273,Palermo,,,nessuna,,,,,,,,,,,
GEEE86401P,GEIC86400L,statale,S.EL. - N.SAURO -,SCUOLA PRIMARIA,VIA MEDAGLIA D'ORO DI L.NAVIGAZIONE,16145,D969,Genova,,,nessuna,,,,99,7,0,7,7.1,,,
GEEE82404B,GEIC824006,statale,SCUOLA PRIMARIA S.EUSEBIO,SCUOLA PRIMARIA,VIA VALTREBBIA 301,16141,D969,Genova,,,nessuna,,,,90,1,0,1,1.1,,,
GEAA824013,GEIC824006,statale,S.MAT. DI S.EUSEBIO,SCUOLA INFANZIA,VIA VALTREBBIA 299,16141,D969,Genova,,,nessuna,,,,,,,,,,,
GETD00302L,GEIS003009,statale,MONTALE SEZIONE OSPEDALIERA,ISTITUTO TECNICO COMMERCIALE,Non Disponibile,Non Disponibile,D969,Genova,,,nessuna,,,,,,,,,,,
GE1A005007,,paritaria,DON ROSCELLI,SCUOLA INFANZIA NON STATALE,VIA PADRE G. SEMERIA 32-34,16131,D969,Genova,,,nessuna,,,,,,,,,,,
GE1M015001,,paritaria,SANTA MARIA IMMACOLATA,SCUOLA SEC. PRIMO GRADO NON STATALE,VIA PADRE SEMERIA 32-34,16131,D969,Genova,,,nessuna,,,,96,2,0,2,2.1,,,
GE1E019003,,paritaria,ORFANOTROFIO S.ANTONIO-OPERA PIA BRIGNOLE SALE IN VOLTRI,SCUOLA PRIMARIA NON STATALE,SCALINATA S.ERASMO 9,16158,D969,Genova,,,nessuna,,,,65,4,4,0,6.2,,,
GE1A07300T,,paritaria,LA ROTONDA DEI BAMBINI,SCUOLA INFANZIA NON STATALE,VIA CORSICA 16/1,16128,D969,Genova,,,nessuna,,,,,,,,,,,
BORH02201X,BOIS02200Q,statale,OSPEDALE RIZZOLI - SEZIONE OSPEDALIERA,IST PROF PER I SERVIZI ALBERGHIERI E RISTORAZIONE,VIA CODIVILLA 9,40136,A944,Bologna,,,nessuna,,,,,,,,,,,fuori_comune
BOAA88001C,BOIC88000G,statale,MARCONI,SCUOLA INFANZIA,VIA LAURA BASSI N. 22,40137,A944,Bologna,,,nessuna,,,,,,,,,,,
BOPSP8500H,,paritaria,LICEO SCIENTIFICO OPZ. SCIENZE APPLICATE QUADRIENNALE MALPIGHI,SCUOLA SEC. SECONDO GRADO NON STATALE,VIA SANT'ISAIA 77/79,40123,A944,Bologna,,,nessuna,,,,64,1,0,1,1.6,LICEO,1,
BO1A12300P,,paritaria,CATERINA DE STEFANI,SCUOLA INFANZIA NON STATALE,VIA F. BATTAGLIA 9/11,40135,A944,Bologna,,,nessuna,,,,,,,,,,,
BO1A05200T,,paritaria,GROSSO INFANZIA,SCUOLA INFANZIA NON STATALE,VIA ERBOSA 20/22,40129,A944,Bologna,,,nessuna,,,,,,,,,,,
BO1A071007,,paritaria,GABELLI,SCUOLA INFANZIA NON STATALE,VIA BELLOMBRA 28/3,40136,A944,Bologna,,,nessuna,,,,,,,,,,,
BOPSPI500D,,paritaria,"Liceo scientifico - indirizzo sportivo "" Alessandro Manzoni""",SCUOLA SEC. SECONDO GRADO NON STATALE,VIA SCIPIONE DAL FERRO10/2,40138,A944,Bologna,,,nessuna,,,,196,3,3,0,1.5,LICEO,1,
BO1A126006,,paritaria,ADA ZUCCHELLI,SCUOLA INFANZIA NON STATALE,VIA CA' BIANCA 13/2,40131,A944,Bologna,,,nessuna,,,,,,,,,,,
BO1AAC5001,,paritaria,ELEFANTINO BLU,SCUOLA INFANZIA NON STATALE,VIA DELLA BEVERARA N. 58/12,40131,A944,Bologna,,,nessuna,,,,,,,,,,,
BO1A170008,,paritaria,PARROCCHIA DEL CORPUS DOMINI,SCUOLA INFANZIA NON STATALE,VIA F. ENRIQUEZ 56,40139,A944,Bologna,,,nessuna,,,,,,,,,,,
BO1AOG500G,,paritaria,I Passerotti,SCUOLA INFANZIA NON STATALE,Via delle Borre7/3,40131,A944,Bologna,,,nessuna,,,,,,,,,,,
BO1AM85007,,paritaria,Polo di Infanzia Balù,SCUOLA INFANZIA NON STATALE,Via della Repubblica 23/3,40127,A944,Bologna,,,nessuna,,,,,,,,,,,
BO1A2V5002,,paritaria,Paciugo,SCUOLA INFANZIA NON STATALE,Via degli Ortolani77/2,40139,A944,Bologna,,,nessuna,,,,,,,,,,,
BO1A06800B,,paritaria,BACCHI,SCUOLA INFANZIA NON STATALE,VIA BELLOMBRA 28/3,40136,A944,Bologna,,,nessuna,,,,,,,,,,,
BO1MUE500U,,paritaria,"Scuola secondaria di 1 grado ""Alessandro Manzoni""",SCUOLA SEC. PRIMO GRADO NON STATALE,Via Scipione dal Ferro10/2,40138,A944,Bologna,,,nessuna,,,,43,4,1,3,9.3,,,
BOPL57500R,,paritaria,"INTERNAZIONALE ""C.BOLDRINI""",SCUOLA SEC. SECONDO GRADO NON STATALE,VIA PROCACCINI26/2,40129,A944,Bologna,,,nessuna,,,,177,20,1,19,11.3,LICEO,1,
BO1A05300N,,paritaria,T. BOLZANI INFANZIA,SCUOLA INFANZIA NON STATALE,VIA FLORA 2,40129,A944,Bologna,,,nessuna,,,,,,,,,,,
BO1A093004,,paritaria,CECCARELLI,SCUOLA INFANZIA NON STATALE,VIA SALICETO 8/2,40128,A944,Bologna,,,nessuna,,,,,,,,,,,
BO1ADN5003,,paritaria,Il Trenino,SCUOLA INFANZIA NON STATALE,Via Scandellara11/10,40138,A944,Bologna,,,nessuna,,,,,,,,,,,
FI1A036002,,paritaria,"""CONSOLATA""",SCUOLA INFANZIA NON STATALE,VIA DELLE BAGNESE 20,50124,D612,Firenze,,,nessuna,,,,,,,,,,,fuori_comune
FI1E006004,,paritaria,"""ISTITUTO SUORE CALASANZIANE""",SCUOLA PRIMARIA NON STATALE,VIA CENTOSTELLE 9,50137,D612,Firenze,,,nessuna,,,,116,5,1,4,4.3,,,
FI1A044001,,paritaria,"""IST.SUORE CALASANZIANE""",SCUOLA INFANZIA NON STATALE,VIA CENTOSTELLE 9,50137,D612,Firenze,,,nessuna,,,,,,,,,,,
FIPLV0500F,,paritaria,ISTITUTO SCUOLE PIE FIORENTINE,SCUOLA SEC. SECONDO GRADO NON STATALE,VIA LAMARMORA 35,50100,D612,Firenze,,,nessuna,,,,42,5,0,5,11.9,LICEO,1,
FIPC04500R,,paritaria,ISTITUTO DEL SACRO CUORE,SCUOLA SEC. SECONDO GRADO NON STATALE,VIALE MICHELANGIOLO 23-27,50125,D612,Firenze,,,nessuna,,,,20,3,1,2,15,LICEO,1,
FIPL005008,,paritaria,"""CALAMANDREI""",SCUOLA SEC. SECONDO GRADO NON STATALE,Via Alamanni 43/45,50123,D612,Firenze,,,nessuna,,,,55,1,0,1,1.8,LICEO,1,
FI1A048008,,paritaria,"""LA NAVE""",SCUOLA INFANZIA NON STATALE,largo Michele Liverani 17/18,50141,D612,Firenze,,,nessuna,,,,,,,,,,,
FIPSFU500L,,paritaria,ISTITUTO DEL SACRO CUORE,SCUOLA SEC. SECONDO GRADO NON STATALE,VIALE MICHELANGIOLO 23/27,50125,D612,Firenze,,,nessuna,,,,44,21,1,20,47.7,LICEO,1,
FIPL8A500L,,paritaria,ISTITUTO DEL SACRO CUORE,SCUOLA SEC. SECONDO GRADO NON STATALE,VIALE MICHELANGIOLO 23/27,50125,D612,Firenze,,,nessuna,,,,36,11,1,10,30.6,LICEO,1,
BATD06201D,BAIS062007,statale,CASA CIRCONDARIALE,ISTITUTO TECNICO COMMERCIALE,Non Disponibile,70125,A662,Bari,,,nessuna,,,,,,,,,,,
BAEE8AE01G,BAIC8AE00D,statale,CARRANTE - PRIMARIA,SCUOLA PRIMARIA,VIA A. CARRANTE 10,70124,A662,Bari,,,nessuna,,,,483,10,5,5,2.1,,,
BAEE03001P,BAEE03000N,statale,"CONVITTO ""CIRILLO""",SCUOLA PRIMARIA,VIA D.CIRILLO 33,70100,A662,Bari,,,nessuna,,,,332,4,1,3,1.2,,,
BAEE842032,BAIC84200T,statale,IQBAL MASIH - I.C. GABELLI,SCUOLA PRIMARIA,PIAZZETTA ELEONORA,70127,A662,Bari,,,nessuna,,,,76,0,0,0,0,,,
BAAA02703Q,BAEE02700T,statale,"""COLLODI""",SCUOLA INFANZIA,VIALE LEONARDO DEL TURCO 6/8,70128,A662,Bari,,,nessuna,,,,,,,,,,,
BAEE027064,BAEE02700T,statale,"""MARCO POLO"" - 27 C.D. PALESE",SCUOLA PRIMARIA,VIALE DEL TURCO ZONA 167,70128,A662,Bari,,,nessuna,,,,350,2,0,2,0.6,,,
BAEE81708E,BAIC817005,statale,"POLICLINIC PEDIAT. UNIV.""VECCHI",SCUOLA PRIMARIA,C/O POLICLINICO,70100,A662,Bari,,,nessuna,,,,,,,,,,,
BAEE84201X,BAIC84200T,statale,BONGHI,SCUOLA PRIMARIA,VIA LUCCA,70127,A662,Bari,,,nessuna,,,,335,11,3,8,3.3,,,
BAEE01401R,BAEE01400Q,statale,14 C.D. RE DAVID - IQBAL,SCUOLA PRIMARIA,VIA OMODEO 27,70125,A662,Bari,,,nessuna,,,,561,7,1,6,1.2,,,
BAAA84204T,BAIC84200T,statale,ALBERO AZZURRO,SCUOLA INFANZIA,VIA DELLA TOLLERANZA,70127,A662,Bari,,,nessuna,,,,,,,,,,,
BAAA88604G,BAIC88600G,statale,"""GIUSEPPE LOMBARDO RADICE""",SCUOLA INFANZIA,PAR.PROL. VIA PEUCETIA,70126,A662,Bari,,,nessuna,,,,,,,,,,,
BAEE8AB014,BAIC8AB002,statale,TAURO,SCUOLA PRIMARIA,VIA GIACOMO TAURO 2,70124,A662,Bari,,,nessuna,,,,479,9,4,5,1.9,,,
BAAA81901N,BAIC81900R,statale,C. PERONE,SCUOLA INFANZIA,VIA NAZARIANTZ3/5,70123,A662,Bari,,,nessuna,,,,,,,,,,,
BAEE81901V,BAIC81900R,statale,CLEMENTINA PERONE - 24 C.D.BARI,SCUOLA PRIMARIA,VIA NAZARIANTZ 3/5,70123,A662,Bari,,,nessuna,,,,177,7,0,7,4,,,
BAPC150004,BAPC150004,statale,"LICEO CLASSICO ""SOCRATE""",LICEO CLASSICO,VIA SAN T. D'AQUINO 4,70124,A662,Bari,,,nessuna,,,,767,5,0,5,0.7,LICEO,1,
BAPS02000E,BAPS02000E,statale,"L.S. E L.C. ANNESSA CONV. ""CIRILLO""",LICEO SCIENTIFICO,VIA D.CIRILLO 33,70126,A662,Bari,,,nessuna,,,,554,7,0,7,1.3,LICEO,1,
BAEE88602P,BAIC88600G,statale,"""G. MAMELI""",SCUOLA PRIMARIA,V.MARTIRI DELLA RESISTENZA,70126,A662,Bari,,,nessuna,,,,219,20,1,19,9.1,,,
BAPS05901T,BAIS05900B,statale,"""M. POLO""",LICEO SCIENTIFICO,Non Disponibile,Non Disponibile,A662,Bari,,,nessuna,,,,917,15,1,14,1.6,LICEO,1,
BAAA845027,BAIC845009,statale,"""NICHOLAS GREEN""",SCUOLA INFANZIA,VIA ARDIGO' 15,70131,A662,Bari,,,nessuna,,,,,,,,,,,
BAEE84501B,BAIC845009,statale,"""DON MARIO DALESIO""",SCUOLA PRIMARIA,VIA FRANCESCO PEPE N. 2,70012,A662,Bari,,,nessuna,,,,304,22,1,21,7.2,,,
BATD01500V,,paritaria,NOBEL,SCUOLA SEC. SECONDO GRADO NON STATALE,VIA DEI BERSAGLIERI 11,70126,A662,Bari,,,nessuna,,,,47,0,0,0,0,TECNICO,1,
BA1A034009,,paritaria,PARCO DELLE FIABE,SCUOLA INFANZIA NON STATALE,STRADA SAN PASQUALE 1 (ALTRO INGRESSO VIA FANELLI 265),70100,A662,Bari,,,nessuna,,,,,,,,,,,
BA1ABF5008,,paritaria,DI CAGNO ABBRESCIA,SCUOLA INFANZIA NON STATALE,CORSO A. DE GASPERI 413/D320,70100,A662,Bari,,,nessuna,,,,,,,,,,,
BA1A007001,,paritaria,FERRANINI,SCUOLA INFANZIA NON STATALE,VIA FERRANINI PAL.C,70100,A662,Bari,,,nessuna,,,,,,,,,,,
BA1A05300P,,paritaria,SCUOLA DELLL'INFANZIA PARITARIA ALADDIN,SCUOLA INFANZIA NON STATALE,VIA CANONICO ANNIBALE MARIA DI FRANCIA 4,70125,A662,Bari,,,nessuna,,,,,,,,,,,
BA1A01100L,,paritaria,SAVERIO LIOCE,SCUOLA INFANZIA NON STATALE,VIA MODUGNO,70100,A662,Bari,,,nessuna,,,,,,,,,,,
BA1E00200Q,,paritaria,BEATA MARIA DE MATTIAS,SCUOLA PRIMARIA NON STATALE,VIA DE MARINIS 92/94,70012,A662,Bari,,,nessuna,,,,78,1,0,1,1.3,,,
BA1AHF500F,,paritaria,BABY CLUB,SCUOLA INFANZIA NON STATALE,VIA GAETANO DEVITOFRANCESCO 2/N20,70100,A662,Bari,,,nessuna,,,,,,,,,,,
BA1A021007,,paritaria,HEIDI,SCUOLA INFANZIA NON STATALE,PIAZZA G. GARILBALDI 18,70122,A662,Bari,,,nessuna,,,,,,,,,,,
BA1ATO5003,,paritaria,MIROPIO,SCUOLA INFANZIA NON STATALE,VIA DEL QUADRIFOGLIO 12-14-16,70128,A662,Bari,,,nessuna,,,,,,,,,,,
BA1A006005,,paritaria,LORIS MALAGUZZI,SCUOLA INFANZIA NON STATALE,STRADA LA LAMIA S.N.C.,70100,A662,Bari,,,nessuna,,,,,,,,,,,
BA1A24900R,,paritaria,COMETE',SCUOLA INFANZIA NON STATALE,VIA BEATA ELIA DI SAN CLEMENTE 231/237,70121,A662,Bari,,,nessuna,,,,,,,,,,,
BA1A03700R,,paritaria,SNUPY,SCUOLA INFANZIA NON STATALE,VIA VACCARELLA 53 - CARBONARA,70012,A662,Bari,,,nessuna,,,,,,,,,,,
BATDB3500N,,paritaria,I.T.E. NOBEL (corso pomeridiano),SCUOLA SEC. SECONDO GRADO NON STATALE,VIA DEI BERSAGLIERI 11,70126,A662,Bari,,,nessuna,,,,43,2,0,2,4.7,TECNICO,1,
BA1A24000A,,paritaria,SCUOLA DEI FIORI,SCUOLA INFANZIA NON STATALE,VIA D.COTUGNO 2/4,70124,A662,Bari,,,nessuna,,,,,,,,,,,
CTPC03000G,CTPC03000G,statale,LC CL.ANNESSO CONV.NAZ. CUTELLI,LICEO CLASSICO,VIA VITTORIO EMANUELE 56,95131,C351,Catania,,,nessuna,,,,452,7,2,5,1.5,LICEO,1,fuori_comune
CTMM880017,CTIC880006,statale,VIA RACCUGLIA,SCUOLA PRIMO GRADO,VIA RACCUGLIA 5,95122,C351,Catania,,,nessuna,0870152814,,,201,0,0,0,0,,,fuori_comune
CTSL020001,CTSL020001,statale,MUSCO,LICEO ARTISTICO,VIALE DA VERRAZZANO 101,95100,C351,Catania,,,nessuna,,,,359,1,0,1,0.3,LICEO,1,
CTRH060008,CTRH060008,statale,PESTALOZZI,IST PROF PER I SERVIZI ALBERGHIERI E RISTORAZIONE,VIALE SENECA - VILL. S. AGATA ZONA A,95121,C351,Catania,,,nessuna,,,,223,1,1,0,0.4,PROFESSIONALE,1,
CTEE88003A,CTIC880006,statale,VIA RACCUGLIA,SCUOLA PRIMARIA,VIA RACCUGLIA 1,95122,C351,Catania,,,nessuna,0870152814,,,94,0,0,0,0,,,fuori_comune
CTMM01300C,CTMM01300C,statale,SCUOLA SECONDARIA DI 1'GRADO,SCUOLA PRIMO GRADO,VIA VITTORIO EMANUELE 56,95131,C351,Catania,,,nessuna,,,,76,17,2,15,22.4,,,fuori_comune
CTEE028018,CTEE028007,statale,C.D.ANNESSO CONV.CUTELLI,SCUOLA PRIMARIA,VIA VITTORIO EMANUELE 56,95131,C351,Catania,,,nessuna,,,,118,37,7,30,31.4,,,fuori_comune
CT1A1C500A,,paritaria,BABY BOOM,SCUOLA INFANZIA NON STATALE,VIII STRADA N.5 (ZONA INDUSTRIALE),95121,C351,Catania,,,nessuna,,,,,,,,,,,
CT1AI3500I,,paritaria,ATELIER NEL BOSCO ACCADEMIA PER L'INFANZIA,SCUOLA INFANZIA NON STATALE,Via del Roveto n. 7,95126,C351,Catania,,,nessuna,,,,,,,,,,,
CT1A26900G,,paritaria,IL MONDO DI POLLICINO SOC.COOP.,SCUOLA INFANZIA NON STATALE,VIALE AFRICA N. 170 INT. 9,95129,C351,Catania,,,nessuna,,,,,,,,,,,
CT1A061007,,paritaria,S. CECILIA,SCUOLA INFANZIA NON STATALE,VIA G.B. DE LA SALLE 7 -9,95100,C351,Catania,,,nessuna,,,,,,,,,,,
CT1AE8500T,,paritaria,Sacro Cuore,SCUOLA INFANZIA NON STATALE,Via Lago di Nicito n. 24,95124,C351,Catania,,,nessuna,,,,,,,,,,,
CT1A110007,,paritaria,SC. MATERNA COMUNALE IRIS,SCUOLA INFANZIA NON STATALE,VIA AOSTA,95127,C351,Catania,,,nessuna,,,,,,,,,,,
VEEE871043,VEIC87100T,statale,S.G.BOSCO- CA' SABBIONI,SCUOLA PRIMARIA,VIA ORTOLAN 17,30175,L736,Venezia,,,nessuna,,,,71,18,6,12,25.4,,,
VEEE81404V,VEIC81400N,statale,ALFREDO DI COCCO- BURANO,SCUOLA PRIMARIA,VIA VIGNA N. 149,30142,L736,Venezia,,,nessuna,,,,48,2,0,2,4.2,,,
VERM00802P,VEIS00800E,statale,IPIAM CINI SEZIONE CARCERARIA,IST PROF INDUSTRIA E ATTIVITA' MARINARE,Non Disponibile,Non Disponibile,L736,Venezia,,,nessuna,,,,25,2,1,1,8,PROFESSIONALE,1,
VEEE84005C,VEIC840006,statale,BERNARDINO ZENDRINI,SCUOLA PRIMARIA,SESTIERE 713,30126,L736,Venezia,,,nessuna,,,,119,10,1,9,8.4,,,
VEAA840024,VEIC840006,statale,ZENDRINI INFANZIA,SCUOLA INFANZIA,SESTIERE ZENNARI 713,30126,L736,Venezia,,,nessuna,,,,,,,,,,,
VEAA846012,VEIC846005,statale,ARCHIMEDE PITAGORICO,SCUOLA INFANZIA,VIA MONTEVERDI N. 2,30171,L736,Venezia,,,nessuna,,,,,,,,,,,
VE1A051003,,paritaria,SCUOLA MATERNA CASA DEI BAMBINI S.MARIA DEI MIRACOLI,SCUOLA INFANZIA NON STATALE,CANNAREGGIO N.6073,30131,L736,Venezia,,,nessuna,,,,,,,,,,,
VE1A12300Q,,paritaria,DIEGO VALERI,SCUOLA INFANZIA NON STATALE,DORSODURO 2447/1,30123,L736,Venezia,,,nessuna,,,,,,,,,,,
VREE88003C,VRIC880008,statale,IST. OSPITALIERI B.GO TRENTO,SCUOLA PRIMARIA,ISTITUTI OSPITALIERI,37100,L781,Verona,,,nessuna,,,,,,,,,,,
VR1A02900D,,paritaria,SCUOLA MATERNA DALL'OCA BIANCA,SCUOLA INFANZIA NON STATALE,P.ZZA DALL'OCA BIANCA 1,37138,L781,Verona,,,nessuna,,,,,,,,,,,
VR1A02100V,,paritaria,SCUOLA MATERNA VINCENTI,SCUOLA INFANZIA NON STATALE,VIA LUZZATI 2,37131,L781,Verona,,,nessuna,,,,,,,,,,,
VR1M02200T,,paritaria,COOPERATIVA CULTURA E VALORI-SCUOLA MEDIA CARLO PERUCCI,SCUOLA SEC. PRIMO GRADO NON STATALE,MARZANA - VIA ARE COLTRI 3,37034,L781,Verona,,,nessuna,,,,79,0,0,0,0,,,
VRPMPR500A,,paritaria,"LIC.SCIENZE UMANE OPZ.ECONOMICO SOCIALE ""SACRA FAMIGLIA""",SCUOLA SEC. SECONDO GRADO NON STATALE,Via G. Nascimbeni n. 10,37138,L781,Verona,,,nessuna,,,,65,2,2,0,3.1,LICEO,1,